model_id,experiment,inference_method,source,access,utterance,state,prob_0_1,bet_0_100,alpha_hat
Qwen--Qwen3.5-0.8B,exps_numerical,structured_output_agg,llm_bets,1,1,0,0.08333333333333333,8.333333,0.1
Qwen--Qwen3.5-0.8B,exps_numerical,structured_output_agg,llm_bets,1,1,1,0.08333333333333333,8.333333,0.1
Qwen--Qwen3.5-0.8B,exps_numerical,structured_output_agg,llm_bets,1,1,2,0.08333333333333333,8.333333,0.1
Qwen--Qwen3.5-0.8B,exps_numerical,structured_output_agg,llm_bets,1,1,3,0.75,75.0,0.1
Qwen--Qwen3.5-0.8B,exps_numerical,rsa_fit,rsa_predicted,1,1,0,0.0,0.0,0.1
Qwen--Qwen3.5-0.8B,exps_numerical,rsa_fit,rsa_predicted,1,1,1,0.0,0.0,0.1
Qwen--Qwen3.5-0.8B,exps_numerical,rsa_fit,rsa_predicted,1,1,2,0.0,0.0,0.1
Qwen--Qwen3.5-0.8B,exps_numerical,rsa_fit,rsa_predicted,1,1,3,1.0,100.0,0.1
Qwen--Qwen3.5-0.8B,exps_numerical,ftp_logprobs_agg,logprobs_posterior,1,1,0,0.14937321132935025,14.937321,0.1
Qwen--Qwen3.5-0.8B,exps_numerical,ftp_logprobs_agg,logprobs_posterior,1,1,1,0.40887878453728715,40.887878,0.1
Qwen--Qwen3.5-0.8B,exps_numerical,ftp_logprobs_agg,logprobs_posterior,1,1,2,0.21649386477480614,21.649386,0.1
Qwen--Qwen3.5-0.8B,exps_numerical,ftp_logprobs_agg,logprobs_posterior,1,1,3,0.22525413935855654,22.525414,0.1
Qwen--Qwen3.5-0.8B,exps_numerical,structured_output_agg,llm_bets,2,1,0,0.125,12.5,0.1
Qwen--Qwen3.5-0.8B,exps_numerical,structured_output_agg,llm_bets,2,1,1,0.125,12.5,0.1
Qwen--Qwen3.5-0.8B,exps_numerical,structured_output_agg,llm_bets,2,1,2,0.125,12.5,0.1
Qwen--Qwen3.5-0.8B,exps_numerical,structured_output_agg,llm_bets,2,1,3,0.625,62.5,0.1
Qwen--Qwen3.5-0.8B,exps_numerical,rsa_fit,rsa_predicted,2,1,0,0.0,0.0,0.1
Qwen--Qwen3.5-0.8B,exps_numerical,rsa_fit,rsa_predicted,2,1,1,0.0,0.0,0.1
Qwen--Qwen3.5-0.8B,exps_numerical,rsa_fit,rsa_predicted,2,1,2,0.0,0.0,0.1
Qwen--Qwen3.5-0.8B,exps_numerical,rsa_fit,rsa_predicted,2,1,3,1.0,100.0,0.1
Qwen--Qwen3.5-0.8B,exps_numerical,ftp_logprobs_agg,logprobs_posterior,2,1,0,0.11624288591524444,11.624289,0.1
Qwen--Qwen3.5-0.8B,exps_numerical,ftp_logprobs_agg,logprobs_posterior,2,1,1,0.3582519299410203,35.825193,0.1
Qwen--Qwen3.5-0.8B,exps_numerical,ftp_logprobs_agg,logprobs_posterior,2,1,2,0.2986745129784763,29.867451,0.1
Qwen--Qwen3.5-0.8B,exps_numerical,ftp_logprobs_agg,logprobs_posterior,2,1,3,0.22683067116525893,22.683067,0.1
Qwen--Qwen3.5-0.8B,exps_numerical,structured_output_agg,llm_bets,2,2,0,0.08333333333333333,8.333333,0.1
Qwen--Qwen3.5-0.8B,exps_numerical,structured_output_agg,llm_bets,2,2,1,0.08333333333333333,8.333333,0.1
Qwen--Qwen3.5-0.8B,exps_numerical,structured_output_agg,llm_bets,2,2,2,0.08333333333333333,8.333333,0.1
Qwen--Qwen3.5-0.8B,exps_numerical,structured_output_agg,llm_bets,2,2,3,0.75,75.0,0.1
Qwen--Qwen3.5-0.8B,exps_numerical,rsa_fit,rsa_predicted,2,2,0,0.0,0.0,0.1
Qwen--Qwen3.5-0.8B,exps_numerical,rsa_fit,rsa_predicted,2,2,1,0.0,0.0,0.1
Qwen--Qwen3.5-0.8B,exps_numerical,rsa_fit,rsa_predicted,2,2,2,0.0,0.0,0.1
Qwen--Qwen3.5-0.8B,exps_numerical,rsa_fit,rsa_predicted,2,2,3,1.0,100.0,0.1
Qwen--Qwen3.5-0.8B,exps_numerical,ftp_logprobs_agg,logprobs_posterior,2,2,0,0.1019535615319075,10.195356,0.1
Qwen--Qwen3.5-0.8B,exps_numerical,ftp_logprobs_agg,logprobs_posterior,2,2,1,0.27783045884403346,27.783046,0.1
Qwen--Qwen3.5-0.8B,exps_numerical,ftp_logprobs_agg,logprobs_posterior,2,2,2,0.37141353879219235,37.141354,0.1
Qwen--Qwen3.5-0.8B,exps_numerical,ftp_logprobs_agg,logprobs_posterior,2,2,3,0.24880244083186687,24.880244,0.1
Qwen--Qwen3.5-0.8B,exps_numerical,structured_output_agg,llm_bets,3,1,0,0.125,12.5,0.1
Qwen--Qwen3.5-0.8B,exps_numerical,structured_output_agg,llm_bets,3,1,1,0.125,12.5,0.1
Qwen--Qwen3.5-0.8B,exps_numerical,structured_output_agg,llm_bets,3,1,2,0.125,12.5,0.1
Qwen--Qwen3.5-0.8B,exps_numerical,structured_output_agg,llm_bets,3,1,3,0.625,62.5,0.1
Qwen--Qwen3.5-0.8B,exps_numerical,rsa_fit,rsa_predicted,3,1,0,0.0,0.0,0.1
Qwen--Qwen3.5-0.8B,exps_numerical,rsa_fit,rsa_predicted,3,1,1,0.0,0.0,0.1
Qwen--Qwen3.5-0.8B,exps_numerical,rsa_fit,rsa_predicted,3,1,2,0.0,0.0,0.1
Qwen--Qwen3.5-0.8B,exps_numerical,rsa_fit,rsa_predicted,3,1,3,1.0,100.0,0.1
Qwen--Qwen3.5-0.8B,exps_numerical,ftp_logprobs_agg,logprobs_posterior,3,1,0,0.14510599640258728,14.5106,0.1
Qwen--Qwen3.5-0.8B,exps_numerical,ftp_logprobs_agg,logprobs_posterior,3,1,1,0.37020338221275617,37.020338,0.1
Qwen--Qwen3.5-0.8B,exps_numerical,ftp_logprobs_agg,logprobs_posterior,3,1,2,0.18985338453521847,18.985338,0.1
Qwen--Qwen3.5-0.8B,exps_numerical,ftp_logprobs_agg,logprobs_posterior,3,1,3,0.294837236849438,29.483724,0.1
Qwen--Qwen3.5-0.8B,exps_numerical,structured_output_agg,llm_bets,3,2,0,0.041666666666666664,4.166667,0.1
Qwen--Qwen3.5-0.8B,exps_numerical,structured_output_agg,llm_bets,3,2,1,0.041666666666666664,4.166667,0.1
Qwen--Qwen3.5-0.8B,exps_numerical,structured_output_agg,llm_bets,3,2,2,0.041666666666666664,4.166667,0.1
Qwen--Qwen3.5-0.8B,exps_numerical,structured_output_agg,llm_bets,3,2,3,0.875,87.5,0.1
Qwen--Qwen3.5-0.8B,exps_numerical,rsa_fit,rsa_predicted,3,2,0,0.0,0.0,0.1
Qwen--Qwen3.5-0.8B,exps_numerical,rsa_fit,rsa_predicted,3,2,1,0.0,0.0,0.1
Qwen--Qwen3.5-0.8B,exps_numerical,rsa_fit,rsa_predicted,3,2,2,0.0,0.0,0.1
Qwen--Qwen3.5-0.8B,exps_numerical,rsa_fit,rsa_predicted,3,2,3,1.0,100.0,0.1
Qwen--Qwen3.5-0.8B,exps_numerical,ftp_logprobs_agg,logprobs_posterior,3,2,0,0.10860718516865882,10.860719,0.1
Qwen--Qwen3.5-0.8B,exps_numerical,ftp_logprobs_agg,logprobs_posterior,3,2,1,0.2634507795966084,26.345078,0.1
Qwen--Qwen3.5-0.8B,exps_numerical,ftp_logprobs_agg,logprobs_posterior,3,2,2,0.34993308537933326,34.993309,0.1
Qwen--Qwen3.5-0.8B,exps_numerical,ftp_logprobs_agg,logprobs_posterior,3,2,3,0.27800894985539953,27.800895,0.1
Qwen--Qwen3.5-0.8B,exps_numerical,structured_output_agg,llm_bets,3,3,0,0.0,0.0,0.1
Qwen--Qwen3.5-0.8B,exps_numerical,structured_output_agg,llm_bets,3,3,1,0.0,0.0,0.1
Qwen--Qwen3.5-0.8B,exps_numerical,structured_output_agg,llm_bets,3,3,2,0.0,0.0,0.1
Qwen--Qwen3.5-0.8B,exps_numerical,structured_output_agg,llm_bets,3,3,3,1.0,100.0,0.1
Qwen--Qwen3.5-0.8B,exps_numerical,rsa_fit,rsa_predicted,3,3,0,0.0,0.0,0.1
Qwen--Qwen3.5-0.8B,exps_numerical,rsa_fit,rsa_predicted,3,3,1,0.0,0.0,0.1
Qwen--Qwen3.5-0.8B,exps_numerical,rsa_fit,rsa_predicted,3,3,2,0.0,0.0,0.1
Qwen--Qwen3.5-0.8B,exps_numerical,rsa_fit,rsa_predicted,3,3,3,1.0,100.0,0.1
Qwen--Qwen3.5-0.8B,exps_numerical,ftp_logprobs_agg,logprobs_posterior,3,3,0,0.14446639244846265,14.446639,0.1
Qwen--Qwen3.5-0.8B,exps_numerical,ftp_logprobs_agg,logprobs_posterior,3,3,1,0.2501588066055155,25.015881,0.1
Qwen--Qwen3.5-0.8B,exps_numerical,ftp_logprobs_agg,logprobs_posterior,3,3,2,0.18867093079034417,18.867093,0.1
Qwen--Qwen3.5-0.8B,exps_numerical,ftp_logprobs_agg,logprobs_posterior,3,3,3,0.4167038701556776,41.670387,0.1
Qwen--Qwen3.5-0.8B,exps_some,structured_output_agg,llm_bets,1,some,0,0.2,20.0,0.1
Qwen--Qwen3.5-0.8B,exps_some,structured_output_agg,llm_bets,1,some,1,0.2,20.0,0.1
Qwen--Qwen3.5-0.8B,exps_some,structured_output_agg,llm_bets,1,some,2,0.2,20.0,0.1
Qwen--Qwen3.5-0.8B,exps_some,structured_output_agg,llm_bets,1,some,3,0.4,40.0,0.1
Qwen--Qwen3.5-0.8B,exps_some,rsa_fit,rsa_predicted,1,some,0,0.0,0.0,0.1
Qwen--Qwen3.5-0.8B,exps_some,rsa_fit,rsa_predicted,1,some,1,0.0,0.0,0.1
Qwen--Qwen3.5-0.8B,exps_some,rsa_fit,rsa_predicted,1,some,2,0.0,0.0,0.1
Qwen--Qwen3.5-0.8B,exps_some,rsa_fit,rsa_predicted,1,some,3,1.0,100.0,0.1
Qwen--Qwen3.5-0.8B,exps_some,ftp_logprobs_agg,logprobs_posterior,1,some,0,0.13880653504639365,13.880654,0.1
Qwen--Qwen3.5-0.8B,exps_some,ftp_logprobs_agg,logprobs_posterior,1,some,1,0.368640419358695,36.864042,0.1
Qwen--Qwen3.5-0.8B,exps_some,ftp_logprobs_agg,logprobs_posterior,1,some,2,0.23474897028150676,23.474897,0.1
Qwen--Qwen3.5-0.8B,exps_some,ftp_logprobs_agg,logprobs_posterior,1,some,3,0.25780407531340466,25.780408,0.1
Qwen--Qwen3.5-0.8B,exps_some,structured_output_agg,llm_bets,2,some,0,0.16666666666666666,16.666667,0.1
Qwen--Qwen3.5-0.8B,exps_some,structured_output_agg,llm_bets,2,some,1,0.16666666666666666,16.666667,0.1
Qwen--Qwen3.5-0.8B,exps_some,structured_output_agg,llm_bets,2,some,2,0.16666666666666666,16.666667,0.1
Qwen--Qwen3.5-0.8B,exps_some,structured_output_agg,llm_bets,2,some,3,0.5,50.0,0.1
Qwen--Qwen3.5-0.8B,exps_some,rsa_fit,rsa_predicted,2,some,0,0.0,0.0,0.1
Qwen--Qwen3.5-0.8B,exps_some,rsa_fit,rsa_predicted,2,some,1,0.0,0.0,0.1
Qwen--Qwen3.5-0.8B,exps_some,rsa_fit,rsa_predicted,2,some,2,0.0,0.0,0.1
Qwen--Qwen3.5-0.8B,exps_some,rsa_fit,rsa_predicted,2,some,3,1.0,100.0,0.1
Qwen--Qwen3.5-0.8B,exps_some,ftp_logprobs_agg,logprobs_posterior,2,some,0,0.11213373430723357,11.213373,0.1
Qwen--Qwen3.5-0.8B,exps_some,ftp_logprobs_agg,logprobs_posterior,2,some,1,0.2993253609941546,29.932536,0.1
Qwen--Qwen3.5-0.8B,exps_some,ftp_logprobs_agg,logprobs_posterior,2,some,2,0.32202893472206356,32.202893,0.1
Qwen--Qwen3.5-0.8B,exps_some,ftp_logprobs_agg,logprobs_posterior,2,some,3,0.2665119699765484,26.651197,0.1
Qwen--Qwen3.5-0.8B,exps_some,structured_output_agg,llm_bets,3,some,0,0.08333333333333333,8.333333,0.1
Qwen--Qwen3.5-0.8B,exps_some,structured_output_agg,llm_bets,3,some,1,0.08333333333333333,8.333333,0.1
Qwen--Qwen3.5-0.8B,exps_some,structured_output_agg,llm_bets,3,some,2,0.08333333333333333,8.333333,0.1
Qwen--Qwen3.5-0.8B,exps_some,structured_output_agg,llm_bets,3,some,3,0.75,75.0,0.1
Qwen--Qwen3.5-0.8B,exps_some,rsa_fit,rsa_predicted,3,some,0,0.0,0.0,0.1
Qwen--Qwen3.5-0.8B,exps_some,rsa_fit,rsa_predicted,3,some,1,0.0,0.0,0.1
Qwen--Qwen3.5-0.8B,exps_some,rsa_fit,rsa_predicted,3,some,2,0.0,0.0,0.1
Qwen--Qwen3.5-0.8B,exps_some,rsa_fit,rsa_predicted,3,some,3,1.0,100.0,0.1
Qwen--Qwen3.5-0.8B,exps_some,ftp_logprobs_agg,logprobs_posterior,3,some,0,0.14532303902239066,14.532304,0.1
Qwen--Qwen3.5-0.8B,exps_some,ftp_logprobs_agg,logprobs_posterior,3,some,1,0.2848260488189161,28.482605,0.1
Qwen--Qwen3.5-0.8B,exps_some,ftp_logprobs_agg,logprobs_posterior,3,some,2,0.2068946953506392,20.68947,0.1
Qwen--Qwen3.5-0.8B,exps_some,ftp_logprobs_agg,logprobs_posterior,3,some,3,0.36295621680805407,36.295622,0.1
Qwen--Qwen3.5-2B,exps_numerical,structured_output_agg,llm_bets,1,1,0,0.0,0.0,1.5
Qwen--Qwen3.5-2B,exps_numerical,structured_output_agg,llm_bets,1,1,1,1.0,100.0,1.5
Qwen--Qwen3.5-2B,exps_numerical,structured_output_agg,llm_bets,1,1,2,0.0,0.0,1.5
Qwen--Qwen3.5-2B,exps_numerical,structured_output_agg,llm_bets,1,1,3,0.0,0.0,1.5
Qwen--Qwen3.5-2B,exps_numerical,rsa_fit,rsa_predicted,1,1,0,0.011363636363636364,1.136364,1.5
Qwen--Qwen3.5-2B,exps_numerical,rsa_fit,rsa_predicted,1,1,1,0.39204545454545453,39.204545,1.5
Qwen--Qwen3.5-2B,exps_numerical,rsa_fit,rsa_predicted,1,1,2,0.05113636363636363,5.113636,1.5
Qwen--Qwen3.5-2B,exps_numerical,rsa_fit,rsa_predicted,1,1,3,0.5454545454545454,54.545455,1.5
Qwen--Qwen3.5-2B,exps_numerical,ftp_logprobs_agg,logprobs_posterior,1,1,0,0.16236998033505165,16.236998,1.5
Qwen--Qwen3.5-2B,exps_numerical,ftp_logprobs_agg,logprobs_posterior,1,1,1,0.39936432050402365,39.936432,1.5
Qwen--Qwen3.5-2B,exps_numerical,ftp_logprobs_agg,logprobs_posterior,1,1,2,0.3585783589909552,35.857836,1.5
Qwen--Qwen3.5-2B,exps_numerical,ftp_logprobs_agg,logprobs_posterior,1,1,3,0.0796873401699696,7.968734,1.5
Qwen--Qwen3.5-2B,exps_numerical,structured_output_agg,llm_bets,2,1,0,0.0,0.0,0.1
Qwen--Qwen3.5-2B,exps_numerical,structured_output_agg,llm_bets,2,1,1,0.5833333333333334,58.333333,0.1
Qwen--Qwen3.5-2B,exps_numerical,structured_output_agg,llm_bets,2,1,2,0.041666666666666664,4.166667,0.1
Qwen--Qwen3.5-2B,exps_numerical,structured_output_agg,llm_bets,2,1,3,0.375,37.5,0.1
Qwen--Qwen3.5-2B,exps_numerical,rsa_fit,rsa_predicted,2,1,0,0.02744727234557438,2.744727,0.1
Qwen--Qwen3.5-2B,exps_numerical,rsa_fit,rsa_predicted,2,1,1,0.836945214004837,83.694521,0.1
Qwen--Qwen3.5-2B,exps_numerical,rsa_fit,rsa_predicted,2,1,2,0.06179530582941269,6.179531,0.1
Qwen--Qwen3.5-2B,exps_numerical,rsa_fit,rsa_predicted,2,1,3,0.07381220782017595,7.381221,0.1
Qwen--Qwen3.5-2B,exps_numerical,ftp_logprobs_agg,logprobs_posterior,2,1,0,0.14033835654192314,14.033836,0.1
Qwen--Qwen3.5-2B,exps_numerical,ftp_logprobs_agg,logprobs_posterior,2,1,1,0.3922558518841009,39.225585,0.1
Qwen--Qwen3.5-2B,exps_numerical,ftp_logprobs_agg,logprobs_posterior,2,1,2,0.4073467485672258,40.734675,0.1
Qwen--Qwen3.5-2B,exps_numerical,ftp_logprobs_agg,logprobs_posterior,2,1,3,0.06005904300675006,6.005904,0.1
Qwen--Qwen3.5-2B,exps_numerical,structured_output_agg,llm_bets,2,2,0,0.0,0.0,0.1
Qwen--Qwen3.5-2B,exps_numerical,structured_output_agg,llm_bets,2,2,1,0.0,0.0,0.1
Qwen--Qwen3.5-2B,exps_numerical,structured_output_agg,llm_bets,2,2,2,0.6666666666666666,66.666667,0.1
Qwen--Qwen3.5-2B,exps_numerical,structured_output_agg,llm_bets,2,2,3,0.3333333333333333,33.333333,0.1
Qwen--Qwen3.5-2B,exps_numerical,rsa_fit,rsa_predicted,2,2,0,0.02095304671657061,2.095305,0.1
Qwen--Qwen3.5-2B,exps_numerical,rsa_fit,rsa_predicted,2,2,1,0.04198113208401199,4.198113,0.1
Qwen--Qwen3.5-2B,exps_numerical,rsa_fit,rsa_predicted,2,2,2,0.04401497667359013,4.401498,0.1
Qwen--Qwen3.5-2B,exps_numerical,rsa_fit,rsa_predicted,2,2,3,0.8930508445258272,89.305084,0.1
Qwen--Qwen3.5-2B,exps_numerical,ftp_logprobs_agg,logprobs_posterior,2,2,0,0.10534196155464648,10.534196,0.1
Qwen--Qwen3.5-2B,exps_numerical,ftp_logprobs_agg,logprobs_posterior,2,2,1,0.18603089231217917,18.603089,0.1
Qwen--Qwen3.5-2B,exps_numerical,ftp_logprobs_agg,logprobs_posterior,2,2,2,0.6246338956850087,62.46339,0.1
Qwen--Qwen3.5-2B,exps_numerical,ftp_logprobs_agg,logprobs_posterior,2,2,3,0.0839932504481656,8.399325,0.1
Qwen--Qwen3.5-2B,exps_numerical,structured_output_agg,llm_bets,3,1,0,0.0,0.0,1.4
Qwen--Qwen3.5-2B,exps_numerical,structured_output_agg,llm_bets,3,1,1,1.0,100.0,1.4
Qwen--Qwen3.5-2B,exps_numerical,structured_output_agg,llm_bets,3,1,2,0.0,0.0,1.4
Qwen--Qwen3.5-2B,exps_numerical,structured_output_agg,llm_bets,3,1,3,0.0,0.0,1.4
Qwen--Qwen3.5-2B,exps_numerical,rsa_fit,rsa_predicted,3,1,0,0.02816901408450704,2.816901,1.4
Qwen--Qwen3.5-2B,exps_numerical,rsa_fit,rsa_predicted,3,1,1,0.9718309859154929,97.183099,1.4
Qwen--Qwen3.5-2B,exps_numerical,rsa_fit,rsa_predicted,3,1,2,2.0090195397394478e-18,0.0,1.4
Qwen--Qwen3.5-2B,exps_numerical,rsa_fit,rsa_predicted,3,1,3,2.1429541757220777e-17,0.0,1.4
Qwen--Qwen3.5-2B,exps_numerical,ftp_logprobs_agg,logprobs_posterior,3,1,0,0.16423087025813293,16.423087,1.4
Qwen--Qwen3.5-2B,exps_numerical,ftp_logprobs_agg,logprobs_posterior,3,1,1,0.49685102429439665,49.685102,1.4
Qwen--Qwen3.5-2B,exps_numerical,ftp_logprobs_agg,logprobs_posterior,3,1,2,0.2296368697153155,22.963687,1.4
Qwen--Qwen3.5-2B,exps_numerical,ftp_logprobs_agg,logprobs_posterior,3,1,3,0.10928123573215497,10.928124,1.4
Qwen--Qwen3.5-2B,exps_numerical,structured_output_agg,llm_bets,3,2,0,0.0,0.0,0.1
Qwen--Qwen3.5-2B,exps_numerical,structured_output_agg,llm_bets,3,2,1,0.0,0.0,0.1
Qwen--Qwen3.5-2B,exps_numerical,structured_output_agg,llm_bets,3,2,2,0.5833333333333334,58.333333,0.1
Qwen--Qwen3.5-2B,exps_numerical,structured_output_agg,llm_bets,3,2,3,0.4166666666666667,41.666667,0.1
Qwen--Qwen3.5-2B,exps_numerical,rsa_fit,rsa_predicted,3,2,0,0.10397287143945917,10.397287,0.1
Qwen--Qwen3.5-2B,exps_numerical,rsa_fit,rsa_predicted,3,2,1,0.2009679951613962,20.0968,0.1
Qwen--Qwen3.5-2B,exps_numerical,rsa_fit,rsa_predicted,3,2,2,0.41545148795720194,41.545149,0.1
Qwen--Qwen3.5-2B,exps_numerical,rsa_fit,rsa_predicted,3,2,3,0.27960764544194255,27.960765,0.1
Qwen--Qwen3.5-2B,exps_numerical,ftp_logprobs_agg,logprobs_posterior,3,2,0,0.08323762982737049,8.323763,0.1
Qwen--Qwen3.5-2B,exps_numerical,ftp_logprobs_agg,logprobs_posterior,3,2,1,0.1607600550795195,16.076006,0.1
Qwen--Qwen3.5-2B,exps_numerical,ftp_logprobs_agg,logprobs_posterior,3,2,2,0.6921996850858524,69.219969,0.1
Qwen--Qwen3.5-2B,exps_numerical,ftp_logprobs_agg,logprobs_posterior,3,2,3,0.06380263000725782,6.380263,0.1
Qwen--Qwen3.5-2B,exps_numerical,structured_output_agg,llm_bets,3,3,0,0.0,0.0,1.4
Qwen--Qwen3.5-2B,exps_numerical,structured_output_agg,llm_bets,3,3,1,0.0,0.0,1.4
Qwen--Qwen3.5-2B,exps_numerical,structured_output_agg,llm_bets,3,3,2,0.0,0.0,1.4
Qwen--Qwen3.5-2B,exps_numerical,structured_output_agg,llm_bets,3,3,3,1.0,100.0,1.4
Qwen--Qwen3.5-2B,exps_numerical,rsa_fit,rsa_predicted,3,3,0,0.02040816326530612,2.040816,1.4
Qwen--Qwen3.5-2B,exps_numerical,rsa_fit,rsa_predicted,3,3,1,1.1158941865287478e-17,0.0,1.4
Qwen--Qwen3.5-2B,exps_numerical,rsa_fit,rsa_predicted,3,3,2,1.455514156341845e-18,0.0,1.4
Qwen--Qwen3.5-2B,exps_numerical,rsa_fit,rsa_predicted,3,3,3,0.979591836734694,97.959184,1.4
Qwen--Qwen3.5-2B,exps_numerical,ftp_logprobs_agg,logprobs_posterior,3,3,0,0.14612932247875576,14.612932,1.4
Qwen--Qwen3.5-2B,exps_numerical,ftp_logprobs_agg,logprobs_posterior,3,3,1,0.19840766107207478,19.840766,1.4
Qwen--Qwen3.5-2B,exps_numerical,ftp_logprobs_agg,logprobs_posterior,3,3,2,0.2817786924812397,28.177869,1.4
Qwen--Qwen3.5-2B,exps_numerical,ftp_logprobs_agg,logprobs_posterior,3,3,3,0.3736843239679298,37.368432,1.4
Qwen--Qwen3.5-2B,exps_some,structured_output_agg,llm_bets,1,some,0,0.0,0.0,2.2
Qwen--Qwen3.5-2B,exps_some,structured_output_agg,llm_bets,1,some,1,0.16666666666666666,16.666667,2.2
Qwen--Qwen3.5-2B,exps_some,structured_output_agg,llm_bets,1,some,2,0.08333333333333333,8.333333,2.2
Qwen--Qwen3.5-2B,exps_some,structured_output_agg,llm_bets,1,some,3,0.75,75.0,2.2
Qwen--Qwen3.5-2B,exps_some,rsa_fit,rsa_predicted,1,some,0,3.8205346250213224e-28,0.0,2.2
Qwen--Qwen3.5-2B,exps_some,rsa_fit,rsa_predicted,1,some,1,0.1673480994129309,16.73481,2.2
Qwen--Qwen3.5-2B,exps_some,rsa_fit,rsa_predicted,1,some,2,0.06491197373077824,6.491197,2.2
Qwen--Qwen3.5-2B,exps_some,rsa_fit,rsa_predicted,1,some,3,0.7677399268562909,76.773993,2.2
Qwen--Qwen3.5-2B,exps_some,ftp_logprobs_agg,logprobs_posterior,1,some,0,0.1415347106714843,14.153471,2.2
Qwen--Qwen3.5-2B,exps_some,ftp_logprobs_agg,logprobs_posterior,1,some,1,0.3125743887297499,31.257439,2.2
Qwen--Qwen3.5-2B,exps_some,ftp_logprobs_agg,logprobs_posterior,1,some,2,0.4412481748507226,44.124817,2.2
Qwen--Qwen3.5-2B,exps_some,ftp_logprobs_agg,logprobs_posterior,1,some,3,0.10464272574804313,10.464273,2.2
Qwen--Qwen3.5-2B,exps_some,structured_output_agg,llm_bets,2,some,0,0.0,0.0,0.2
Qwen--Qwen3.5-2B,exps_some,structured_output_agg,llm_bets,2,some,1,0.0,0.0,0.2
Qwen--Qwen3.5-2B,exps_some,structured_output_agg,llm_bets,2,some,2,0.3,30.0,0.2
Qwen--Qwen3.5-2B,exps_some,structured_output_agg,llm_bets,2,some,3,0.7,70.0,0.2
Qwen--Qwen3.5-2B,exps_some,rsa_fit,rsa_predicted,2,some,0,0.0002641526025791651,0.026415,0.2
Qwen--Qwen3.5-2B,exps_some,rsa_fit,rsa_predicted,2,some,1,0.41022892298534136,41.022892,0.2
Qwen--Qwen3.5-2B,exps_some,rsa_fit,rsa_predicted,2,some,2,0.05552631969594491,5.552632,0.2
Qwen--Qwen3.5-2B,exps_some,rsa_fit,rsa_predicted,2,some,3,0.5339806047161346,53.39806,0.2
Qwen--Qwen3.5-2B,exps_some,ftp_logprobs_agg,logprobs_posterior,2,some,0,0.1272172798359755,12.721728,0.2
Qwen--Qwen3.5-2B,exps_some,ftp_logprobs_agg,logprobs_posterior,2,some,1,0.25590825587445776,25.590826,0.2
Qwen--Qwen3.5-2B,exps_some,ftp_logprobs_agg,logprobs_posterior,2,some,2,0.5220402836768979,52.204028,0.2
Qwen--Qwen3.5-2B,exps_some,ftp_logprobs_agg,logprobs_posterior,2,some,3,0.09483418061266896,9.483418,0.2
Qwen--Qwen3.5-2B,exps_some,structured_output_agg,llm_bets,3,some,0,0.0,0.0,0.1
Qwen--Qwen3.5-2B,exps_some,structured_output_agg,llm_bets,3,some,1,0.06,6.0,0.1
Qwen--Qwen3.5-2B,exps_some,structured_output_agg,llm_bets,3,some,2,0.06,6.0,0.1
Qwen--Qwen3.5-2B,exps_some,structured_output_agg,llm_bets,3,some,3,0.8800000000000001,88.0,0.1
Qwen--Qwen3.5-2B,exps_some,rsa_fit,rsa_predicted,3,some,0,0.002894686327071197,0.289469,0.1
Qwen--Qwen3.5-2B,exps_some,rsa_fit,rsa_predicted,3,some,1,0.5275933952198215,52.75934,0.1
Qwen--Qwen3.5-2B,exps_some,rsa_fit,rsa_predicted,3,some,2,0.06881652981128106,6.881653,0.1
Qwen--Qwen3.5-2B,exps_some,rsa_fit,rsa_predicted,3,some,3,0.40069538864182636,40.069539,0.1
Qwen--Qwen3.5-2B,exps_some,ftp_logprobs_agg,logprobs_posterior,3,some,0,0.13770743808967065,13.770744,0.1
Qwen--Qwen3.5-2B,exps_some,ftp_logprobs_agg,logprobs_posterior,3,some,1,0.29447872445116163,29.447872,0.1
Qwen--Qwen3.5-2B,exps_some,ftp_logprobs_agg,logprobs_posterior,3,some,2,0.40890399140150363,40.890399,0.1
Qwen--Qwen3.5-2B,exps_some,ftp_logprobs_agg,logprobs_posterior,3,some,3,0.15890984605766423,15.890985,0.1
Qwen--Qwen3.5-4B,exps_numerical,structured_output_agg,llm_bets,1,1,0,0.0,0.0,1.4
Qwen--Qwen3.5-4B,exps_numerical,structured_output_agg,llm_bets,1,1,1,0.0,0.0,1.4
Qwen--Qwen3.5-4B,exps_numerical,structured_output_agg,llm_bets,1,1,2,0.3333333333333333,33.333333,1.4
Qwen--Qwen3.5-4B,exps_numerical,structured_output_agg,llm_bets,1,1,3,0.6666666666666666,66.666667,1.4
Qwen--Qwen3.5-4B,exps_numerical,rsa_fit,rsa_predicted,1,1,0,0.0,0.0,1.4
Qwen--Qwen3.5-4B,exps_numerical,rsa_fit,rsa_predicted,1,1,1,0.0,0.0,1.4
Qwen--Qwen3.5-4B,exps_numerical,rsa_fit,rsa_predicted,1,1,2,0.08333333333333333,8.333333,1.4
Qwen--Qwen3.5-4B,exps_numerical,rsa_fit,rsa_predicted,1,1,3,0.9166666666666666,91.666667,1.4
Qwen--Qwen3.5-4B,exps_numerical,ftp_logprobs_agg,logprobs_posterior,1,1,0,0.020932585217269904,2.093259,1.4
Qwen--Qwen3.5-4B,exps_numerical,ftp_logprobs_agg,logprobs_posterior,1,1,1,0.7830175712902748,78.301757,1.4
Qwen--Qwen3.5-4B,exps_numerical,ftp_logprobs_agg,logprobs_posterior,1,1,2,0.15947842569352474,15.947843,1.4
Qwen--Qwen3.5-4B,exps_numerical,ftp_logprobs_agg,logprobs_posterior,1,1,3,0.03657141779893044,3.657142,1.4
Qwen--Qwen3.5-4B,exps_numerical,structured_output_agg,llm_bets,2,1,0,0.0,0.0,0.1
Qwen--Qwen3.5-4B,exps_numerical,structured_output_agg,llm_bets,2,1,1,0.0,0.0,0.1
Qwen--Qwen3.5-4B,exps_numerical,structured_output_agg,llm_bets,2,1,2,0.5833333333333334,58.333333,0.1
Qwen--Qwen3.5-4B,exps_numerical,structured_output_agg,llm_bets,2,1,3,0.4166666666666667,41.666667,0.1
Qwen--Qwen3.5-4B,exps_numerical,rsa_fit,rsa_predicted,2,1,0,0.0,0.0,0.1
Qwen--Qwen3.5-4B,exps_numerical,rsa_fit,rsa_predicted,2,1,1,0.0,0.0,0.1
Qwen--Qwen3.5-4B,exps_numerical,rsa_fit,rsa_predicted,2,1,2,0.4480708325089085,44.807083,0.1
Qwen--Qwen3.5-4B,exps_numerical,rsa_fit,rsa_predicted,2,1,3,0.5519291674910914,55.192917,0.1
Qwen--Qwen3.5-4B,exps_numerical,ftp_logprobs_agg,logprobs_posterior,2,1,0,0.014882299023661859,1.48823,0.1
Qwen--Qwen3.5-4B,exps_numerical,ftp_logprobs_agg,logprobs_posterior,2,1,1,0.7710988002369471,77.10988,0.1
Qwen--Qwen3.5-4B,exps_numerical,ftp_logprobs_agg,logprobs_posterior,2,1,2,0.19654228248285088,19.654228,0.1
Qwen--Qwen3.5-4B,exps_numerical,ftp_logprobs_agg,logprobs_posterior,2,1,3,0.017476618256540167,1.747662,0.1
Qwen--Qwen3.5-4B,exps_numerical,structured_output_agg,llm_bets,2,2,0,0.0,0.0,0.1
Qwen--Qwen3.5-4B,exps_numerical,structured_output_agg,llm_bets,2,2,1,0.0,0.0,0.1
Qwen--Qwen3.5-4B,exps_numerical,structured_output_agg,llm_bets,2,2,2,1.0,100.0,0.1
Qwen--Qwen3.5-4B,exps_numerical,structured_output_agg,llm_bets,2,2,3,0.0,0.0,0.1
Qwen--Qwen3.5-4B,exps_numerical,rsa_fit,rsa_predicted,2,2,0,0.0,0.0,0.1
Qwen--Qwen3.5-4B,exps_numerical,rsa_fit,rsa_predicted,2,2,1,0.0,0.0,0.1
Qwen--Qwen3.5-4B,exps_numerical,rsa_fit,rsa_predicted,2,2,2,0.04561261979881011,4.561262,0.1
Qwen--Qwen3.5-4B,exps_numerical,rsa_fit,rsa_predicted,2,2,3,0.95438738020119,95.438738,0.1
Qwen--Qwen3.5-4B,exps_numerical,ftp_logprobs_agg,logprobs_posterior,2,2,0,0.0056729989331855265,0.5673,0.1
Qwen--Qwen3.5-4B,exps_numerical,ftp_logprobs_agg,logprobs_posterior,2,2,1,0.5085157004970533,50.85157,0.1
Qwen--Qwen3.5-4B,exps_numerical,ftp_logprobs_agg,logprobs_posterior,2,2,2,0.4418643025185836,44.18643,0.1
Qwen--Qwen3.5-4B,exps_numerical,ftp_logprobs_agg,logprobs_posterior,2,2,3,0.04394699805117761,4.3947,0.1
Qwen--Qwen3.5-4B,exps_numerical,structured_output_agg,llm_bets,3,1,0,0.0,0.0,0.1
Qwen--Qwen3.5-4B,exps_numerical,structured_output_agg,llm_bets,3,1,1,0.5,50.0,0.1
Qwen--Qwen3.5-4B,exps_numerical,structured_output_agg,llm_bets,3,1,2,0.25,25.0,0.1
Qwen--Qwen3.5-4B,exps_numerical,structured_output_agg,llm_bets,3,1,3,0.25,25.0,0.1
Qwen--Qwen3.5-4B,exps_numerical,rsa_fit,rsa_predicted,3,1,0,0.0,0.0,0.1
Qwen--Qwen3.5-4B,exps_numerical,rsa_fit,rsa_predicted,3,1,1,0.0,0.0,0.1
Qwen--Qwen3.5-4B,exps_numerical,rsa_fit,rsa_predicted,3,1,2,0.08333333333333331,8.333333,0.1
Qwen--Qwen3.5-4B,exps_numerical,rsa_fit,rsa_predicted,3,1,3,0.9166666666666666,91.666667,0.1
Qwen--Qwen3.5-4B,exps_numerical,ftp_logprobs_agg,logprobs_posterior,3,1,0,0.02355965953647388,2.355966,0.1
Qwen--Qwen3.5-4B,exps_numerical,ftp_logprobs_agg,logprobs_posterior,3,1,1,0.93321927784778,93.321928,0.1
Qwen--Qwen3.5-4B,exps_numerical,ftp_logprobs_agg,logprobs_posterior,3,1,2,0.029592939129497123,2.959294,0.1
Qwen--Qwen3.5-4B,exps_numerical,ftp_logprobs_agg,logprobs_posterior,3,1,3,0.013628123486248941,1.362812,0.1
Qwen--Qwen3.5-4B,exps_numerical,structured_output_agg,llm_bets,3,2,0,0.0,0.0,1.5
Qwen--Qwen3.5-4B,exps_numerical,structured_output_agg,llm_bets,3,2,1,0.0,0.0,1.5
Qwen--Qwen3.5-4B,exps_numerical,structured_output_agg,llm_bets,3,2,2,1.0,100.0,1.5
Qwen--Qwen3.5-4B,exps_numerical,structured_output_agg,llm_bets,3,2,3,0.0,0.0,1.5
Qwen--Qwen3.5-4B,exps_numerical,rsa_fit,rsa_predicted,3,2,0,0.0,0.0,1.5
Qwen--Qwen3.5-4B,exps_numerical,rsa_fit,rsa_predicted,3,2,1,0.0,0.0,1.5
Qwen--Qwen3.5-4B,exps_numerical,rsa_fit,rsa_predicted,3,2,2,1.0,100.0,1.5
Qwen--Qwen3.5-4B,exps_numerical,rsa_fit,rsa_predicted,3,2,3,1.1000000000000015e-17,0.0,1.5
Qwen--Qwen3.5-4B,exps_numerical,ftp_logprobs_agg,logprobs_posterior,3,2,0,0.005137925653932138,0.513793,1.5
Qwen--Qwen3.5-4B,exps_numerical,ftp_logprobs_agg,logprobs_posterior,3,2,1,0.5054014318604675,50.540143,1.5
Qwen--Qwen3.5-4B,exps_numerical,ftp_logprobs_agg,logprobs_posterior,3,2,2,0.47557184902960753,47.557185,1.5
Qwen--Qwen3.5-4B,exps_numerical,ftp_logprobs_agg,logprobs_posterior,3,2,3,0.013888793455992908,1.388879,1.5
Qwen--Qwen3.5-4B,exps_numerical,structured_output_agg,llm_bets,3,3,0,0.0,0.0,1.3
Qwen--Qwen3.5-4B,exps_numerical,structured_output_agg,llm_bets,3,3,1,0.0,0.0,1.3
Qwen--Qwen3.5-4B,exps_numerical,structured_output_agg,llm_bets,3,3,2,0.0,0.0,1.3
Qwen--Qwen3.5-4B,exps_numerical,structured_output_agg,llm_bets,3,3,3,1.0,100.0,1.3
Qwen--Qwen3.5-4B,exps_numerical,rsa_fit,rsa_predicted,3,3,0,0.0,0.0,1.3
Qwen--Qwen3.5-4B,exps_numerical,rsa_fit,rsa_predicted,3,3,1,0.0,0.0,1.3
Qwen--Qwen3.5-4B,exps_numerical,rsa_fit,rsa_predicted,3,3,2,2.2835331195541632e-17,0.0,1.3
Qwen--Qwen3.5-4B,exps_numerical,rsa_fit,rsa_predicted,3,3,3,1.0,100.0,1.3
Qwen--Qwen3.5-4B,exps_numerical,ftp_logprobs_agg,logprobs_posterior,3,3,0,0.022971875538979693,2.297188,1.3
Qwen--Qwen3.5-4B,exps_numerical,ftp_logprobs_agg,logprobs_posterior,3,3,1,0.5084520675055261,50.845207,1.3
Qwen--Qwen3.5-4B,exps_numerical,ftp_logprobs_agg,logprobs_posterior,3,3,2,0.01246026891626686,1.246027,1.3
Qwen--Qwen3.5-4B,exps_numerical,ftp_logprobs_agg,logprobs_posterior,3,3,3,0.4561157880392274,45.611579,1.3
Qwen--Qwen3.5-4B,exps_some,structured_output_agg,llm_bets,1,some,0,0.0,0.0,8.0
Qwen--Qwen3.5-4B,exps_some,structured_output_agg,llm_bets,1,some,1,0.0,0.0,8.0
Qwen--Qwen3.5-4B,exps_some,structured_output_agg,llm_bets,1,some,2,0.4166666666666667,41.666667,8.0
Qwen--Qwen3.5-4B,exps_some,structured_output_agg,llm_bets,1,some,3,0.5833333333333334,58.333333,8.0
Qwen--Qwen3.5-4B,exps_some,rsa_fit,rsa_predicted,1,some,0,0.0,0.0,8.0
Qwen--Qwen3.5-4B,exps_some,rsa_fit,rsa_predicted,1,some,1,0.0,0.0,8.0
Qwen--Qwen3.5-4B,exps_some,rsa_fit,rsa_predicted,1,some,2,0.08318440292445166,8.31844,8.0
Qwen--Qwen3.5-4B,exps_some,rsa_fit,rsa_predicted,1,some,3,0.9168155970755484,91.68156,8.0
Qwen--Qwen3.5-4B,exps_some,ftp_logprobs_agg,logprobs_posterior,1,some,0,0.036341009653822774,3.634101,8.0
Qwen--Qwen3.5-4B,exps_some,ftp_logprobs_agg,logprobs_posterior,1,some,1,0.7141882429895862,71.418824,8.0
Qwen--Qwen3.5-4B,exps_some,ftp_logprobs_agg,logprobs_posterior,1,some,2,0.2001297190395225,20.012972,8.0
Qwen--Qwen3.5-4B,exps_some,ftp_logprobs_agg,logprobs_posterior,1,some,3,0.049341028317068714,4.934103,8.0
Qwen--Qwen3.5-4B,exps_some,structured_output_agg,llm_bets,2,some,0,0.0,0.0,8.0
Qwen--Qwen3.5-4B,exps_some,structured_output_agg,llm_bets,2,some,1,0.0,0.0,8.0
Qwen--Qwen3.5-4B,exps_some,structured_output_agg,llm_bets,2,some,2,0.5,50.0,8.0
Qwen--Qwen3.5-4B,exps_some,structured_output_agg,llm_bets,2,some,3,0.5,50.0,8.0
Qwen--Qwen3.5-4B,exps_some,rsa_fit,rsa_predicted,2,some,0,0.0,0.0,8.0
Qwen--Qwen3.5-4B,exps_some,rsa_fit,rsa_predicted,2,some,1,0.0,0.0,8.0
Qwen--Qwen3.5-4B,exps_some,rsa_fit,rsa_predicted,2,some,2,0.15382631529588295,15.382632,8.0
Qwen--Qwen3.5-4B,exps_some,rsa_fit,rsa_predicted,2,some,3,0.8461736847041171,84.617368,8.0
Qwen--Qwen3.5-4B,exps_some,ftp_logprobs_agg,logprobs_posterior,2,some,0,0.02873309672428734,2.87331,8.0
Qwen--Qwen3.5-4B,exps_some,ftp_logprobs_agg,logprobs_posterior,2,some,1,0.6348190573740774,63.481906,8.0
Qwen--Qwen3.5-4B,exps_some,ftp_logprobs_agg,logprobs_posterior,2,some,2,0.28776409632862276,28.77641,8.0
Qwen--Qwen3.5-4B,exps_some,ftp_logprobs_agg,logprobs_posterior,2,some,3,0.0486837495730125,4.868375,8.0
Qwen--Qwen3.5-4B,exps_some,structured_output_agg,llm_bets,3,some,0,0.0,0.0,1.4
Qwen--Qwen3.5-4B,exps_some,structured_output_agg,llm_bets,3,some,1,0.0,0.0,1.4
Qwen--Qwen3.5-4B,exps_some,structured_output_agg,llm_bets,3,some,2,0.4166666666666667,41.666667,1.4
Qwen--Qwen3.5-4B,exps_some,structured_output_agg,llm_bets,3,some,3,0.5833333333333334,58.333333,1.4
Qwen--Qwen3.5-4B,exps_some,rsa_fit,rsa_predicted,3,some,0,0.0,0.0,1.4
Qwen--Qwen3.5-4B,exps_some,rsa_fit,rsa_predicted,3,some,1,0.0,0.0,1.4
Qwen--Qwen3.5-4B,exps_some,rsa_fit,rsa_predicted,3,some,2,0.15384615384615385,15.384615,1.4
Qwen--Qwen3.5-4B,exps_some,rsa_fit,rsa_predicted,3,some,3,0.8461538461538461,84.615385,1.4
Qwen--Qwen3.5-4B,exps_some,ftp_logprobs_agg,logprobs_posterior,3,some,0,0.0539562930794397,5.395629,1.4
Qwen--Qwen3.5-4B,exps_some,ftp_logprobs_agg,logprobs_posterior,3,some,1,0.6736301257651416,67.363013,1.4
Qwen--Qwen3.5-4B,exps_some,ftp_logprobs_agg,logprobs_posterior,3,some,2,0.16546915566762427,16.546916,1.4
Qwen--Qwen3.5-4B,exps_some,ftp_logprobs_agg,logprobs_posterior,3,some,3,0.10694442548779441,10.694443,1.4
Qwen--Qwen3.5-9B,exps_numerical,structured_output_agg,llm_bets,1,1,0,0.0,0.0,1.5
Qwen--Qwen3.5-9B,exps_numerical,structured_output_agg,llm_bets,1,1,1,0.25,25.0,1.5
Qwen--Qwen3.5-9B,exps_numerical,structured_output_agg,llm_bets,1,1,2,0.08333333333333333,8.333333,1.5
Qwen--Qwen3.5-9B,exps_numerical,structured_output_agg,llm_bets,1,1,3,0.6666666666666666,66.666667,1.5
Qwen--Qwen3.5-9B,exps_numerical,rsa_fit,rsa_predicted,1,1,0,0.0,0.0,1.5
Qwen--Qwen3.5-9B,exps_numerical,rsa_fit,rsa_predicted,1,1,1,0.016666666666666666,1.666667,1.5
Qwen--Qwen3.5-9B,exps_numerical,rsa_fit,rsa_predicted,1,1,2,0.13333333333333333,13.333333,1.5
Qwen--Qwen3.5-9B,exps_numerical,rsa_fit,rsa_predicted,1,1,3,0.85,85.0,1.5
Qwen--Qwen3.5-9B,exps_numerical,ftp_logprobs_agg,logprobs_posterior,1,1,0,0.04807990299562274,4.80799,1.5
Qwen--Qwen3.5-9B,exps_numerical,ftp_logprobs_agg,logprobs_posterior,1,1,1,0.579766805610684,57.976681,1.5
Qwen--Qwen3.5-9B,exps_numerical,ftp_logprobs_agg,logprobs_posterior,1,1,2,0.17430399770433722,17.4304,1.5
Qwen--Qwen3.5-9B,exps_numerical,ftp_logprobs_agg,logprobs_posterior,1,1,3,0.1978492936893559,19.784929,1.5
Qwen--Qwen3.5-9B,exps_numerical,structured_output_agg,llm_bets,2,1,0,0.0,0.0,0.1
Qwen--Qwen3.5-9B,exps_numerical,structured_output_agg,llm_bets,2,1,1,0.0,0.0,0.1
Qwen--Qwen3.5-9B,exps_numerical,structured_output_agg,llm_bets,2,1,2,0.5,50.0,0.1
Qwen--Qwen3.5-9B,exps_numerical,structured_output_agg,llm_bets,2,1,3,0.5,50.0,0.1
Qwen--Qwen3.5-9B,exps_numerical,rsa_fit,rsa_predicted,2,1,0,0.0,0.0,0.1
Qwen--Qwen3.5-9B,exps_numerical,rsa_fit,rsa_predicted,2,1,1,0.11413818914943616,11.413819,0.1
Qwen--Qwen3.5-9B,exps_numerical,rsa_fit,rsa_predicted,2,1,2,0.5168755654331976,51.687557,0.1
Qwen--Qwen3.5-9B,exps_numerical,rsa_fit,rsa_predicted,2,1,3,0.36898624541736635,36.898625,0.1
Qwen--Qwen3.5-9B,exps_numerical,ftp_logprobs_agg,logprobs_posterior,2,1,0,0.041060450501024894,4.106045,0.1
Qwen--Qwen3.5-9B,exps_numerical,ftp_logprobs_agg,logprobs_posterior,2,1,1,0.4403639219246462,44.036392,0.1
Qwen--Qwen3.5-9B,exps_numerical,ftp_logprobs_agg,logprobs_posterior,2,1,2,0.40566760332360136,40.56676,0.1
Qwen--Qwen3.5-9B,exps_numerical,ftp_logprobs_agg,logprobs_posterior,2,1,3,0.11290802425072759,11.290802,0.1
Qwen--Qwen3.5-9B,exps_numerical,structured_output_agg,llm_bets,2,2,0,0.0,0.0,0.1
Qwen--Qwen3.5-9B,exps_numerical,structured_output_agg,llm_bets,2,2,1,0.0,0.0,0.1
Qwen--Qwen3.5-9B,exps_numerical,structured_output_agg,llm_bets,2,2,2,1.0,100.0,0.1
Qwen--Qwen3.5-9B,exps_numerical,structured_output_agg,llm_bets,2,2,3,0.0,0.0,0.1
Qwen--Qwen3.5-9B,exps_numerical,rsa_fit,rsa_predicted,2,2,0,0.0,0.0,0.1
Qwen--Qwen3.5-9B,exps_numerical,rsa_fit,rsa_predicted,2,2,1,0.0011833183785396261,0.118332,0.1
Qwen--Qwen3.5-9B,exps_numerical,rsa_fit,rsa_predicted,2,2,2,0.07609296523440283,7.609297,0.1
Qwen--Qwen3.5-9B,exps_numerical,rsa_fit,rsa_predicted,2,2,3,0.9227237163870575,92.272372,0.1
Qwen--Qwen3.5-9B,exps_numerical,ftp_logprobs_agg,logprobs_posterior,2,2,0,0.02330820863120468,2.330821,0.1
Qwen--Qwen3.5-9B,exps_numerical,ftp_logprobs_agg,logprobs_posterior,2,2,1,0.05200546181499787,5.200546,0.1
Qwen--Qwen3.5-9B,exps_numerical,ftp_logprobs_agg,logprobs_posterior,2,2,2,0.6116631545882932,61.166315,0.1
Qwen--Qwen3.5-9B,exps_numerical,ftp_logprobs_agg,logprobs_posterior,2,2,3,0.31302317496550425,31.302317,0.1
Qwen--Qwen3.5-9B,exps_numerical,structured_output_agg,llm_bets,3,1,0,0.0,0.0,0.2
Qwen--Qwen3.5-9B,exps_numerical,structured_output_agg,llm_bets,3,1,1,0.6666666666666666,66.666667,0.2
Qwen--Qwen3.5-9B,exps_numerical,structured_output_agg,llm_bets,3,1,2,0.0,0.0,0.2
Qwen--Qwen3.5-9B,exps_numerical,structured_output_agg,llm_bets,3,1,3,0.3333333333333333,33.333333,0.2
Qwen--Qwen3.5-9B,exps_numerical,rsa_fit,rsa_predicted,3,1,0,0.0,0.0,0.2
Qwen--Qwen3.5-9B,exps_numerical,rsa_fit,rsa_predicted,3,1,1,0.8097931652149921,80.979317,0.2
Qwen--Qwen3.5-9B,exps_numerical,rsa_fit,rsa_predicted,3,1,2,0.0257907572589841,2.579076,0.2
Qwen--Qwen3.5-9B,exps_numerical,rsa_fit,rsa_predicted,3,1,3,0.16441607752602366,16.441608,0.2
Qwen--Qwen3.5-9B,exps_numerical,ftp_logprobs_agg,logprobs_posterior,3,1,0,0.05280072358086827,5.280072,0.2
Qwen--Qwen3.5-9B,exps_numerical,ftp_logprobs_agg,logprobs_posterior,3,1,1,0.7447555367141937,74.475554,0.2
Qwen--Qwen3.5-9B,exps_numerical,ftp_logprobs_agg,logprobs_posterior,3,1,2,0.04954981057110827,4.954981,0.2
Qwen--Qwen3.5-9B,exps_numerical,ftp_logprobs_agg,logprobs_posterior,3,1,3,0.15289392913382974,15.289393,0.2
Qwen--Qwen3.5-9B,exps_numerical,structured_output_agg,llm_bets,3,2,0,0.0,0.0,1.4
Qwen--Qwen3.5-9B,exps_numerical,structured_output_agg,llm_bets,3,2,1,0.0,0.0,1.4
Qwen--Qwen3.5-9B,exps_numerical,structured_output_agg,llm_bets,3,2,2,1.0,100.0,1.4
Qwen--Qwen3.5-9B,exps_numerical,structured_output_agg,llm_bets,3,2,3,0.0,0.0,1.4
Qwen--Qwen3.5-9B,exps_numerical,rsa_fit,rsa_predicted,3,2,0,0.0,0.0,1.4
Qwen--Qwen3.5-9B,exps_numerical,rsa_fit,rsa_predicted,3,2,1,1.9811164905764e-18,0.0,1.4
Qwen--Qwen3.5-9B,exps_numerical,rsa_fit,rsa_predicted,3,2,2,1.0,100.0,1.4
Qwen--Qwen3.5-9B,exps_numerical,rsa_fit,rsa_predicted,3,2,3,1.0103694101939639e-16,0.0,1.4
Qwen--Qwen3.5-9B,exps_numerical,ftp_logprobs_agg,logprobs_posterior,3,2,0,0.01705393602199271,1.705394,1.4
Qwen--Qwen3.5-9B,exps_numerical,ftp_logprobs_agg,logprobs_posterior,3,2,1,0.01831937775250563,1.831938,1.4
Qwen--Qwen3.5-9B,exps_numerical,ftp_logprobs_agg,logprobs_posterior,3,2,2,0.7298389807326657,72.983898,1.4
Qwen--Qwen3.5-9B,exps_numerical,ftp_logprobs_agg,logprobs_posterior,3,2,3,0.23478770549283587,23.478771,1.4
Qwen--Qwen3.5-9B,exps_numerical,structured_output_agg,llm_bets,3,3,0,0.0,0.0,1.3
Qwen--Qwen3.5-9B,exps_numerical,structured_output_agg,llm_bets,3,3,1,0.0,0.0,1.3
Qwen--Qwen3.5-9B,exps_numerical,structured_output_agg,llm_bets,3,3,2,0.0,0.0,1.3
Qwen--Qwen3.5-9B,exps_numerical,structured_output_agg,llm_bets,3,3,3,1.0,100.0,1.3
Qwen--Qwen3.5-9B,exps_numerical,rsa_fit,rsa_predicted,3,3,0,0.0,0.0,1.3
Qwen--Qwen3.5-9B,exps_numerical,rsa_fit,rsa_predicted,3,3,1,4.925267512763881e-18,0.0,1.3
Qwen--Qwen3.5-9B,exps_numerical,rsa_fit,rsa_predicted,3,3,2,3.940214010211105e-17,0.0,1.3
Qwen--Qwen3.5-9B,exps_numerical,rsa_fit,rsa_predicted,3,3,3,1.0,100.0,1.3
Qwen--Qwen3.5-9B,exps_numerical,ftp_logprobs_agg,logprobs_posterior,3,3,0,0.02911441479220536,2.911441,1.3
Qwen--Qwen3.5-9B,exps_numerical,ftp_logprobs_agg,logprobs_posterior,3,3,1,0.1711623741938277,17.116237,1.3
Qwen--Qwen3.5-9B,exps_numerical,ftp_logprobs_agg,logprobs_posterior,3,3,2,0.01636042264380203,1.636042,1.3
Qwen--Qwen3.5-9B,exps_numerical,ftp_logprobs_agg,logprobs_posterior,3,3,3,0.7833627883701649,78.336279,1.3
Qwen--Qwen3.5-9B,exps_some,structured_output_agg,llm_bets,1,some,0,0.0,0.0,8.0
Qwen--Qwen3.5-9B,exps_some,structured_output_agg,llm_bets,1,some,1,0.0,0.0,8.0
Qwen--Qwen3.5-9B,exps_some,structured_output_agg,llm_bets,1,some,2,0.3333333333333333,33.333333,8.0
Qwen--Qwen3.5-9B,exps_some,structured_output_agg,llm_bets,1,some,3,0.6666666666666666,66.666667,8.0
Qwen--Qwen3.5-9B,exps_some,rsa_fit,rsa_predicted,1,some,0,0.0,0.0,8.0
Qwen--Qwen3.5-9B,exps_some,rsa_fit,rsa_predicted,1,some,1,0.00013140624663799804,0.013141,8.0
Qwen--Qwen3.5-9B,exps_some,rsa_fit,rsa_predicted,1,some,2,0.13534689712197265,13.53469,8.0
Qwen--Qwen3.5-9B,exps_some,rsa_fit,rsa_predicted,1,some,3,0.8645216966313893,86.45217,8.0
Qwen--Qwen3.5-9B,exps_some,ftp_logprobs_agg,logprobs_posterior,1,some,0,0.06209214261260032,6.209214,8.0
Qwen--Qwen3.5-9B,exps_some,ftp_logprobs_agg,logprobs_posterior,1,some,1,0.357507846298067,35.750785,8.0
Qwen--Qwen3.5-9B,exps_some,ftp_logprobs_agg,logprobs_posterior,1,some,2,0.3437391664076588,34.373917,8.0
Qwen--Qwen3.5-9B,exps_some,ftp_logprobs_agg,logprobs_posterior,1,some,3,0.23666084468167395,23.666084,8.0
Qwen--Qwen3.5-9B,exps_some,structured_output_agg,llm_bets,2,some,0,0.0,0.0,7.8
Qwen--Qwen3.5-9B,exps_some,structured_output_agg,llm_bets,2,some,1,0.0,0.0,7.8
Qwen--Qwen3.5-9B,exps_some,structured_output_agg,llm_bets,2,some,2,0.6666666666666666,66.666667,7.8
Qwen--Qwen3.5-9B,exps_some,structured_output_agg,llm_bets,2,some,3,0.3333333333333333,33.333333,7.8
Qwen--Qwen3.5-9B,exps_some,rsa_fit,rsa_predicted,2,some,0,0.0,0.0,7.8
Qwen--Qwen3.5-9B,exps_some,rsa_fit,rsa_predicted,2,some,1,0.02886103464816366,2.886103,7.8
Qwen--Qwen3.5-9B,exps_some,rsa_fit,rsa_predicted,2,some,2,0.231880269764646,23.188027,7.8
Qwen--Qwen3.5-9B,exps_some,rsa_fit,rsa_predicted,2,some,3,0.7392586955871904,73.92587,7.8
Qwen--Qwen3.5-9B,exps_some,ftp_logprobs_agg,logprobs_posterior,2,some,0,0.05559528461823898,5.559528,7.8
Qwen--Qwen3.5-9B,exps_some,ftp_logprobs_agg,logprobs_posterior,2,some,1,0.18476300612172084,18.476301,7.8
Qwen--Qwen3.5-9B,exps_some,ftp_logprobs_agg,logprobs_posterior,2,some,2,0.5108132636167417,51.081326,7.8
Qwen--Qwen3.5-9B,exps_some,ftp_logprobs_agg,logprobs_posterior,2,some,3,0.24882844564329845,24.882845,7.8
Qwen--Qwen3.5-9B,exps_some,structured_output_agg,llm_bets,3,some,0,0.0,0.0,0.1
Qwen--Qwen3.5-9B,exps_some,structured_output_agg,llm_bets,3,some,1,0.0,0.0,0.1
Qwen--Qwen3.5-9B,exps_some,structured_output_agg,llm_bets,3,some,2,0.16666666666666666,16.666667,0.1
Qwen--Qwen3.5-9B,exps_some,structured_output_agg,llm_bets,3,some,3,0.8333333333333334,83.333333,0.1
Qwen--Qwen3.5-9B,exps_some,rsa_fit,rsa_predicted,3,some,0,0.0,0.0,0.1
Qwen--Qwen3.5-9B,exps_some,rsa_fit,rsa_predicted,3,some,1,0.027144701230853392,2.71447,0.1
Qwen--Qwen3.5-9B,exps_some,rsa_fit,rsa_predicted,3,some,2,0.21715760984682714,21.715761,0.1
Qwen--Qwen3.5-9B,exps_some,rsa_fit,rsa_predicted,3,some,3,0.7556976889223196,75.569769,0.1
Qwen--Qwen3.5-9B,exps_some,ftp_logprobs_agg,logprobs_posterior,3,some,0,0.061254162680751206,6.125416,0.1
Qwen--Qwen3.5-9B,exps_some,ftp_logprobs_agg,logprobs_posterior,3,some,1,0.20461449005572196,20.461449,0.1
Qwen--Qwen3.5-9B,exps_some,ftp_logprobs_agg,logprobs_posterior,3,some,2,0.1943693765306254,19.436938,0.1
Qwen--Qwen3.5-9B,exps_some,ftp_logprobs_agg,logprobs_posterior,3,some,3,0.5397619707329014,53.976197,0.1
gemini-3.1-flash-lite-preview,exps_numerical,structured_output_agg,llm_bets,1,1,0,0.0,0.0,1.5
gemini-3.1-flash-lite-preview,exps_numerical,structured_output_agg,llm_bets,1,1,1,0.2833333333333333,28.333333,1.5
gemini-3.1-flash-lite-preview,exps_numerical,structured_output_agg,llm_bets,1,1,2,0.46666666666666673,46.666667,1.5
gemini-3.1-flash-lite-preview,exps_numerical,structured_output_agg,llm_bets,1,1,3,0.25000000000000006,25.0,1.5
gemini-3.1-flash-lite-preview,exps_numerical,rsa_fit,rsa_predicted,1,1,0,0.007900677200902937,0.790068,1.5
gemini-3.1-flash-lite-preview,exps_numerical,rsa_fit,rsa_predicted,1,1,1,0.05756207674943566,5.756208,1.5
gemini-3.1-flash-lite-preview,exps_numerical,rsa_fit,rsa_predicted,1,1,2,0.21501128668171557,21.501129,1.5
gemini-3.1-flash-lite-preview,exps_numerical,rsa_fit,rsa_predicted,1,1,3,0.7195259593679458,71.952596,1.5
gemini-3.1-flash-lite-preview,exps_numerical,structured_output_agg,llm_bets,2,1,0,0.0,0.0,0.1
gemini-3.1-flash-lite-preview,exps_numerical,structured_output_agg,llm_bets,2,1,1,0.2416666666666667,24.166667,0.1
gemini-3.1-flash-lite-preview,exps_numerical,structured_output_agg,llm_bets,2,1,2,0.5166666666666667,51.666667,0.1
gemini-3.1-flash-lite-preview,exps_numerical,structured_output_agg,llm_bets,2,1,3,0.24166666666666667,24.166667,0.1
gemini-3.1-flash-lite-preview,exps_numerical,rsa_fit,rsa_predicted,2,1,0,0.038229879024921545,3.822988,0.1
gemini-3.1-flash-lite-preview,exps_numerical,rsa_fit,rsa_predicted,2,1,1,0.24618058726104625,24.618059,0.1
gemini-3.1-flash-lite-preview,exps_numerical,rsa_fit,rsa_predicted,2,1,2,0.5205274587608638,52.052746,0.1
gemini-3.1-flash-lite-preview,exps_numerical,rsa_fit,rsa_predicted,2,1,3,0.19506207495316838,19.506207,0.1
gemini-3.1-flash-lite-preview,exps_numerical,structured_output_agg,llm_bets,2,2,0,0.0,0.0,0.1
gemini-3.1-flash-lite-preview,exps_numerical,structured_output_agg,llm_bets,2,2,1,0.0,0.0,0.1
gemini-3.1-flash-lite-preview,exps_numerical,structured_output_agg,llm_bets,2,2,2,0.5583333333333333,55.833333,0.1
gemini-3.1-flash-lite-preview,exps_numerical,structured_output_agg,llm_bets,2,2,3,0.44166666666666665,44.166667,0.1
gemini-3.1-flash-lite-preview,exps_numerical,rsa_fit,rsa_predicted,2,2,0,0.010527005916020068,1.052701,0.1
gemini-3.1-flash-lite-preview,exps_numerical,rsa_fit,rsa_predicted,2,2,1,0.004454150349576695,0.445415,0.1
gemini-3.1-flash-lite-preview,exps_numerical,rsa_fit,rsa_predicted,2,2,2,0.1337342319875101,13.373423,0.1
gemini-3.1-flash-lite-preview,exps_numerical,rsa_fit,rsa_predicted,2,2,3,0.8512846117468931,85.128461,0.1
gemini-3.1-flash-lite-preview,exps_numerical,structured_output_agg,llm_bets,3,1,0,0.0,0.0,0.2
gemini-3.1-flash-lite-preview,exps_numerical,structured_output_agg,llm_bets,3,1,1,0.9666666666666667,96.666667,0.2
gemini-3.1-flash-lite-preview,exps_numerical,structured_output_agg,llm_bets,3,1,2,0.024999999999999998,2.5,0.2
gemini-3.1-flash-lite-preview,exps_numerical,structured_output_agg,llm_bets,3,1,3,0.008333333333333333,0.833333,0.2
gemini-3.1-flash-lite-preview,exps_numerical,rsa_fit,rsa_predicted,3,1,0,0.11500403948328615,11.500404,0.2
gemini-3.1-flash-lite-preview,exps_numerical,rsa_fit,rsa_predicted,3,1,1,0.8312678991521592,83.12679,0.2
gemini-3.1-flash-lite-preview,exps_numerical,rsa_fit,rsa_predicted,3,1,2,0.012361347451627596,1.236135,0.2
gemini-3.1-flash-lite-preview,exps_numerical,rsa_fit,rsa_predicted,3,1,3,0.04136671391292701,4.136671,0.2
gemini-3.1-flash-lite-preview,exps_numerical,structured_output_agg,llm_bets,3,2,0,0.0,0.0,0.2
gemini-3.1-flash-lite-preview,exps_numerical,structured_output_agg,llm_bets,3,2,1,0.0,0.0,0.2
gemini-3.1-flash-lite-preview,exps_numerical,structured_output_agg,llm_bets,3,2,2,0.9916666666666667,99.166667,0.2
gemini-3.1-flash-lite-preview,exps_numerical,structured_output_agg,llm_bets,3,2,3,0.008333333333333333,0.833333,0.2
gemini-3.1-flash-lite-preview,exps_numerical,rsa_fit,rsa_predicted,3,2,0,0.03522641612501417,3.522642,0.2
gemini-3.1-flash-lite-preview,exps_numerical,rsa_fit,rsa_predicted,3,2,1,0.0010136694916584791,0.101367,0.2
gemini-3.1-flash-lite-preview,exps_numerical,rsa_fit,rsa_predicted,3,2,2,0.9510890457375965,95.108905,0.2
gemini-3.1-flash-lite-preview,exps_numerical,rsa_fit,rsa_predicted,3,2,3,0.012670868645730995,1.267087,0.2
gemini-3.1-flash-lite-preview,exps_numerical,structured_output_agg,llm_bets,3,3,0,0.0,0.0,1.4
gemini-3.1-flash-lite-preview,exps_numerical,structured_output_agg,llm_bets,3,3,1,0.0,0.0,1.4
gemini-3.1-flash-lite-preview,exps_numerical,structured_output_agg,llm_bets,3,3,2,0.0,0.0,1.4
gemini-3.1-flash-lite-preview,exps_numerical,structured_output_agg,llm_bets,3,3,3,1.0,100.0,1.4
gemini-3.1-flash-lite-preview,exps_numerical,rsa_fit,rsa_predicted,3,3,0,0.010861132660977501,1.086113,1.4
gemini-3.1-flash-lite-preview,exps_numerical,rsa_fit,rsa_predicted,3,3,1,1.2541435657954556e-18,0.0,1.4
gemini-3.1-flash-lite-preview,exps_numerical,rsa_fit,rsa_predicted,3,3,2,4.684595084000672e-18,0.0,1.4
gemini-3.1-flash-lite-preview,exps_numerical,rsa_fit,rsa_predicted,3,3,3,0.9891388673390225,98.913887,1.4
gemini-3.1-flash-lite-preview,exps_some,structured_output_agg,llm_bets,1,some,0,0.0,0.0,0.1
gemini-3.1-flash-lite-preview,exps_some,structured_output_agg,llm_bets,1,some,1,0.19999999999999998,20.0,0.1
gemini-3.1-flash-lite-preview,exps_some,structured_output_agg,llm_bets,1,some,2,0.39999999999999997,40.0,0.1
gemini-3.1-flash-lite-preview,exps_some,structured_output_agg,llm_bets,1,some,3,0.39999999999999997,40.0,0.1
gemini-3.1-flash-lite-preview,exps_some,rsa_fit,rsa_predicted,1,some,0,0.0030034425124959487,0.300344,0.1
gemini-3.1-flash-lite-preview,exps_some,rsa_fit,rsa_predicted,1,some,1,0.042383152235308495,4.238315,0.1
gemini-3.1-flash-lite-preview,exps_some,rsa_fit,rsa_predicted,1,some,2,0.1658022020127038,16.58022,0.1
gemini-3.1-flash-lite-preview,exps_some,rsa_fit,rsa_predicted,1,some,3,0.7888112032394918,78.88112,0.1
gemini-3.1-flash-lite-preview,exps_some,structured_output_agg,llm_bets,2,some,0,0.0,0.0,8.0
gemini-3.1-flash-lite-preview,exps_some,structured_output_agg,llm_bets,2,some,1,0.1416666666666667,14.166667,8.0
gemini-3.1-flash-lite-preview,exps_some,structured_output_agg,llm_bets,2,some,2,0.46666666666666673,46.666667,8.0
gemini-3.1-flash-lite-preview,exps_some,structured_output_agg,llm_bets,2,some,3,0.3916666666666666,39.166667,8.0
gemini-3.1-flash-lite-preview,exps_some,rsa_fit,rsa_predicted,2,some,0,3.7498491647485126e-98,0.0,8.0
gemini-3.1-flash-lite-preview,exps_some,rsa_fit,rsa_predicted,2,some,1,0.09071341614777877,9.071342,8.0
gemini-3.1-flash-lite-preview,exps_some,rsa_fit,rsa_predicted,2,some,2,0.3401130499171834,34.011305,8.0
gemini-3.1-flash-lite-preview,exps_some,rsa_fit,rsa_predicted,2,some,3,0.5691735339350378,56.917353,8.0
gemini-3.1-flash-lite-preview,exps_some,structured_output_agg,llm_bets,3,some,0,0.0,0.0,1.3
gemini-3.1-flash-lite-preview,exps_some,structured_output_agg,llm_bets,3,some,1,0.19999999999999998,20.0,1.3
gemini-3.1-flash-lite-preview,exps_some,structured_output_agg,llm_bets,3,some,2,0.35000000000000003,35.0,1.3
gemini-3.1-flash-lite-preview,exps_some,structured_output_agg,llm_bets,3,some,3,0.45,45.0,1.3
gemini-3.1-flash-lite-preview,exps_some,rsa_fit,rsa_predicted,3,some,0,9.415370827612881e-18,0.0,1.3
gemini-3.1-flash-lite-preview,exps_some,rsa_fit,rsa_predicted,3,some,1,0.09103078982597053,9.103079,1.3
gemini-3.1-flash-lite-preview,exps_some,rsa_fit,rsa_predicted,3,some,2,0.3400267737617135,34.002677,1.3
gemini-3.1-flash-lite-preview,exps_some,rsa_fit,rsa_predicted,3,some,3,0.5689424364123161,56.894244,1.3
google--gemma-3-4b-it,exps_numerical,structured_output_agg,llm_bets,1,1,0,0.09999999999999999,10.0,0.1
google--gemma-3-4b-it,exps_numerical,structured_output_agg,llm_bets,1,1,1,0.3,30.0,0.1
google--gemma-3-4b-it,exps_numerical,structured_output_agg,llm_bets,1,1,2,0.39999999999999997,40.0,0.1
google--gemma-3-4b-it,exps_numerical,structured_output_agg,llm_bets,1,1,3,0.19999999999999998,20.0,0.1
google--gemma-3-4b-it,exps_numerical,rsa_fit,rsa_predicted,1,1,0,0.04025262506110865,4.025263,0.1
google--gemma-3-4b-it,exps_numerical,rsa_fit,rsa_predicted,1,1,1,0.2293405430186192,22.934054,0.1
google--gemma-3-4b-it,exps_numerical,rsa_fit,rsa_predicted,1,1,2,0.49808216056249327,49.808216,0.1
google--gemma-3-4b-it,exps_numerical,rsa_fit,rsa_predicted,1,1,3,0.23232467135777873,23.232467,0.1
google--gemma-3-4b-it,exps_numerical,ftp_logprobs_agg,logprobs_posterior,1,1,0,0.0008823003141488154,0.08823,0.1
google--gemma-3-4b-it,exps_numerical,ftp_logprobs_agg,logprobs_posterior,1,1,1,0.7313046893985823,73.130469,0.1
google--gemma-3-4b-it,exps_numerical,ftp_logprobs_agg,logprobs_posterior,1,1,2,0.26589754612480715,26.589755,0.1
google--gemma-3-4b-it,exps_numerical,ftp_logprobs_agg,logprobs_posterior,1,1,3,0.0019154641624617788,0.191546,0.1
google--gemma-3-4b-it,exps_numerical,structured_output_agg,llm_bets,2,1,0,0.09999999999999999,10.0,0.1
google--gemma-3-4b-it,exps_numerical,structured_output_agg,llm_bets,2,1,1,0.3,30.0,0.1
google--gemma-3-4b-it,exps_numerical,structured_output_agg,llm_bets,2,1,2,0.39999999999999997,40.0,0.1
google--gemma-3-4b-it,exps_numerical,structured_output_agg,llm_bets,2,1,3,0.19999999999999998,20.0,0.1
google--gemma-3-4b-it,exps_numerical,rsa_fit,rsa_predicted,2,1,0,0.07085359985106206,7.08536,0.1
google--gemma-3-4b-it,exps_numerical,rsa_fit,rsa_predicted,2,1,1,0.40705586864594523,40.705587,0.1
google--gemma-3-4b-it,exps_numerical,rsa_fit,rsa_predicted,2,1,2,0.49628795681801274,49.628796,0.1
google--gemma-3-4b-it,exps_numerical,rsa_fit,rsa_predicted,2,1,3,0.025802574684980047,2.580257,0.1
google--gemma-3-4b-it,exps_numerical,ftp_logprobs_agg,logprobs_posterior,2,1,0,0.0008445775108018551,0.084458,0.1
google--gemma-3-4b-it,exps_numerical,ftp_logprobs_agg,logprobs_posterior,2,1,1,0.8091477944661941,80.914779,0.1
google--gemma-3-4b-it,exps_numerical,ftp_logprobs_agg,logprobs_posterior,2,1,2,0.18859134027366076,18.859134,0.1
google--gemma-3-4b-it,exps_numerical,ftp_logprobs_agg,logprobs_posterior,2,1,3,0.0014162877493432886,0.141629,0.1
google--gemma-3-4b-it,exps_numerical,structured_output_agg,llm_bets,2,2,0,0.09999999999999999,10.0,0.1
google--gemma-3-4b-it,exps_numerical,structured_output_agg,llm_bets,2,2,1,0.26666666666666666,26.666667,0.1
google--gemma-3-4b-it,exps_numerical,structured_output_agg,llm_bets,2,2,2,0.4666666666666666,46.666667,0.1
google--gemma-3-4b-it,exps_numerical,structured_output_agg,llm_bets,2,2,3,0.16666666666666666,16.666667,0.1
google--gemma-3-4b-it,exps_numerical,rsa_fit,rsa_predicted,2,2,0,0.07307537238612463,7.307537,0.1
google--gemma-3-4b-it,exps_numerical,rsa_fit,rsa_predicted,2,2,1,0.027584953947624967,2.758495,0.1
google--gemma-3-4b-it,exps_numerical,rsa_fit,rsa_predicted,2,2,2,0.47757309699752093,47.75731,0.1
google--gemma-3-4b-it,exps_numerical,rsa_fit,rsa_predicted,2,2,3,0.42176657666872946,42.176658,0.1
google--gemma-3-4b-it,exps_numerical,ftp_logprobs_agg,logprobs_posterior,2,2,0,0.00040031350232970383,0.040031,0.1
google--gemma-3-4b-it,exps_numerical,ftp_logprobs_agg,logprobs_posterior,2,2,1,0.0019538961100211247,0.19539,0.1
google--gemma-3-4b-it,exps_numerical,ftp_logprobs_agg,logprobs_posterior,2,2,2,0.7162207276393318,71.622073,0.1
google--gemma-3-4b-it,exps_numerical,ftp_logprobs_agg,logprobs_posterior,2,2,3,0.2814250627483174,28.142506,0.1
google--gemma-3-4b-it,exps_numerical,structured_output_agg,llm_bets,3,1,0,0.09999999999999999,10.0,0.1
google--gemma-3-4b-it,exps_numerical,structured_output_agg,llm_bets,3,1,1,0.3,30.0,0.1
google--gemma-3-4b-it,exps_numerical,structured_output_agg,llm_bets,3,1,2,0.4000000000000001,40.0,0.1
google--gemma-3-4b-it,exps_numerical,structured_output_agg,llm_bets,3,1,3,0.19999999999999998,20.0,0.1
google--gemma-3-4b-it,exps_numerical,rsa_fit,rsa_predicted,3,1,0,0.1262595461359145,12.625955,0.1
google--gemma-3-4b-it,exps_numerical,rsa_fit,rsa_predicted,3,1,1,0.7287278163169995,72.872782,0.1
google--gemma-3-4b-it,exps_numerical,rsa_fit,rsa_predicted,3,1,2,0.09903302076386361,9.903302,0.1
google--gemma-3-4b-it,exps_numerical,rsa_fit,rsa_predicted,3,1,3,0.0459796167832224,4.597962,0.1
google--gemma-3-4b-it,exps_numerical,ftp_logprobs_agg,logprobs_posterior,3,1,0,0.001916093446716365,0.191609,0.1
google--gemma-3-4b-it,exps_numerical,ftp_logprobs_agg,logprobs_posterior,3,1,1,0.7531079448930366,75.310794,0.1
google--gemma-3-4b-it,exps_numerical,ftp_logprobs_agg,logprobs_posterior,3,1,2,0.2318217432521351,23.182174,0.1
google--gemma-3-4b-it,exps_numerical,ftp_logprobs_agg,logprobs_posterior,3,1,3,0.013154218408112053,1.315422,0.1
google--gemma-3-4b-it,exps_numerical,structured_output_agg,llm_bets,3,2,0,0.09999999999999999,10.0,0.1
google--gemma-3-4b-it,exps_numerical,structured_output_agg,llm_bets,3,2,1,0.2833333333333333,28.333333,0.1
google--gemma-3-4b-it,exps_numerical,structured_output_agg,llm_bets,3,2,2,0.44999999999999996,45.0,0.1
google--gemma-3-4b-it,exps_numerical,structured_output_agg,llm_bets,3,2,3,0.16666666666666666,16.666667,0.1
google--gemma-3-4b-it,exps_numerical,rsa_fit,rsa_predicted,3,2,0,0.07062339620685118,7.06234,0.1
google--gemma-3-4b-it,exps_numerical,rsa_fit,rsa_predicted,3,2,1,0.025718742011199298,2.571874,0.1
google--gemma-3-4b-it,exps_numerical,rsa_fit,rsa_predicted,3,2,2,0.8779391197707502,87.793912,0.1
google--gemma-3-4b-it,exps_numerical,rsa_fit,rsa_predicted,3,2,3,0.025718742011199298,2.571874,0.1
google--gemma-3-4b-it,exps_numerical,ftp_logprobs_agg,logprobs_posterior,3,2,0,0.0014715241699186736,0.147152,0.1
google--gemma-3-4b-it,exps_numerical,ftp_logprobs_agg,logprobs_posterior,3,2,1,0.003186544811126423,0.318654,0.1
google--gemma-3-4b-it,exps_numerical,ftp_logprobs_agg,logprobs_posterior,3,2,2,0.8297611376595175,82.976114,0.1
google--gemma-3-4b-it,exps_numerical,ftp_logprobs_agg,logprobs_posterior,3,2,3,0.1655807933594374,16.558079,0.1
google--gemma-3-4b-it,exps_numerical,structured_output_agg,llm_bets,3,3,0,0.09999999999999999,10.0,0.1
google--gemma-3-4b-it,exps_numerical,structured_output_agg,llm_bets,3,3,1,0.19999999999999998,20.0,0.1
google--gemma-3-4b-it,exps_numerical,structured_output_agg,llm_bets,3,3,2,0.48333333333333334,48.333333,0.1
google--gemma-3-4b-it,exps_numerical,structured_output_agg,llm_bets,3,3,3,0.21666666666666667,21.666667,0.1
google--gemma-3-4b-it,exps_numerical,rsa_fit,rsa_predicted,3,3,0,0.12625954613591447,12.625955,0.1
google--gemma-3-4b-it,exps_numerical,rsa_fit,rsa_predicted,3,3,1,0.04597961678322239,4.597962,0.1
google--gemma-3-4b-it,exps_numerical,rsa_fit,rsa_predicted,3,3,2,0.0990330207638636,9.903302,0.1
google--gemma-3-4b-it,exps_numerical,rsa_fit,rsa_predicted,3,3,3,0.7287278163169995,72.872782,0.1
google--gemma-3-4b-it,exps_numerical,ftp_logprobs_agg,logprobs_posterior,3,3,0,0.0018992402657584352,0.189924,0.1
google--gemma-3-4b-it,exps_numerical,ftp_logprobs_agg,logprobs_posterior,3,3,1,0.010466272423132588,1.046627,0.1
google--gemma-3-4b-it,exps_numerical,ftp_logprobs_agg,logprobs_posterior,3,3,2,0.003952724696129195,0.395272,0.1
google--gemma-3-4b-it,exps_numerical,ftp_logprobs_agg,logprobs_posterior,3,3,3,0.9836817626149799,98.368176,0.1
google--gemma-3-4b-it,exps_some,structured_output_agg,llm_bets,1,some,0,0.09999999999999999,10.0,0.1
google--gemma-3-4b-it,exps_some,structured_output_agg,llm_bets,1,some,1,0.31666666666666665,31.666667,0.1
google--gemma-3-4b-it,exps_some,structured_output_agg,llm_bets,1,some,2,0.38333333333333336,38.333333,0.1
google--gemma-3-4b-it,exps_some,structured_output_agg,llm_bets,1,some,3,0.19999999999999998,20.0,0.1
google--gemma-3-4b-it,exps_some,rsa_fit,rsa_predicted,1,some,0,0.016465348163808728,1.646535,0.1
google--gemma-3-4b-it,exps_some,rsa_fit,rsa_predicted,1,some,1,0.2072936837615631,20.729368,0.1
google--gemma-3-4b-it,exps_some,rsa_fit,rsa_predicted,1,some,2,0.4675983655535558,46.759837,0.1
google--gemma-3-4b-it,exps_some,rsa_fit,rsa_predicted,1,some,3,0.3086426025210724,30.86426,0.1
google--gemma-3-4b-it,exps_some,ftp_logprobs_agg,logprobs_posterior,1,some,0,0.002728299300729154,0.27283,0.1
google--gemma-3-4b-it,exps_some,ftp_logprobs_agg,logprobs_posterior,1,some,1,0.7677925330631178,76.779253,0.1
google--gemma-3-4b-it,exps_some,ftp_logprobs_agg,logprobs_posterior,1,some,2,0.021797855585715186,2.179786,0.1
google--gemma-3-4b-it,exps_some,ftp_logprobs_agg,logprobs_posterior,1,some,3,0.20768131205043794,20.768131,0.1
google--gemma-3-4b-it,exps_some,structured_output_agg,llm_bets,2,some,0,0.09999999999999999,10.0,0.1
google--gemma-3-4b-it,exps_some,structured_output_agg,llm_bets,2,some,1,0.30000000000000004,30.0,0.1
google--gemma-3-4b-it,exps_some,structured_output_agg,llm_bets,2,some,2,0.39999999999999997,40.0,0.1
google--gemma-3-4b-it,exps_some,structured_output_agg,llm_bets,2,some,3,0.19999999999999998,20.0,0.1
google--gemma-3-4b-it,exps_some,rsa_fit,rsa_predicted,2,some,0,0.012253176717864583,1.225318,0.1
google--gemma-3-4b-it,exps_some,rsa_fit,rsa_predicted,2,some,1,0.2370810339808564,23.708103,0.1
google--gemma-3-4b-it,exps_some,rsa_fit,rsa_predicted,2,some,2,0.5209802513018489,52.098025,0.1
google--gemma-3-4b-it,exps_some,rsa_fit,rsa_predicted,2,some,3,0.22968553799943014,22.968554,0.1
google--gemma-3-4b-it,exps_some,ftp_logprobs_agg,logprobs_posterior,2,some,0,0.0038245111813346206,0.382451,0.1
google--gemma-3-4b-it,exps_some,ftp_logprobs_agg,logprobs_posterior,2,some,1,0.19383861553082637,19.383862,0.1
google--gemma-3-4b-it,exps_some,ftp_logprobs_agg,logprobs_posterior,2,some,2,0.4676350300193211,46.763503,0.1
google--gemma-3-4b-it,exps_some,ftp_logprobs_agg,logprobs_posterior,2,some,3,0.3347018432685181,33.470184,0.1
google--gemma-3-4b-it,exps_some,structured_output_agg,llm_bets,3,some,0,0.09999999999999999,10.0,0.1
google--gemma-3-4b-it,exps_some,structured_output_agg,llm_bets,3,some,1,0.25,25.0,0.1
google--gemma-3-4b-it,exps_some,structured_output_agg,llm_bets,3,some,2,0.43333333333333335,43.333333,0.1
google--gemma-3-4b-it,exps_some,structured_output_agg,llm_bets,3,some,3,0.21666666666666667,21.666667,0.1
google--gemma-3-4b-it,exps_some,rsa_fit,rsa_predicted,3,some,0,0.00780969255989937,0.780969,0.1
google--gemma-3-4b-it,exps_some,rsa_fit,rsa_predicted,3,some,1,0.26817978575697227,26.817979,0.1
google--gemma-3-4b-it,exps_some,rsa_fit,rsa_predicted,3,some,2,0.5776180000919402,57.7618,0.1
google--gemma-3-4b-it,exps_some,rsa_fit,rsa_predicted,3,some,3,0.14639252159118804,14.639252,0.1
google--gemma-3-4b-it,exps_some,ftp_logprobs_agg,logprobs_posterior,3,some,0,0.014842786934674432,1.484279,0.1
google--gemma-3-4b-it,exps_some,ftp_logprobs_agg,logprobs_posterior,3,some,1,0.7505207850535974,75.052079,0.1
google--gemma-3-4b-it,exps_some,ftp_logprobs_agg,logprobs_posterior,3,some,2,0.08592673417475954,8.592673,0.1
google--gemma-3-4b-it,exps_some,ftp_logprobs_agg,logprobs_posterior,3,some,3,0.14870969383696864,14.870969,0.1
gpt-5.4-mini,exps_numerical,structured_output_agg,llm_bets,1,1,0,0.041666666666666664,4.166667,1.5
gpt-5.4-mini,exps_numerical,structured_output_agg,llm_bets,1,1,1,0.3416666666666666,34.166667,1.5
gpt-5.4-mini,exps_numerical,structured_output_agg,llm_bets,1,1,2,0.3833333333333333,38.333333,1.5
gpt-5.4-mini,exps_numerical,structured_output_agg,llm_bets,1,1,3,0.2333333333333333,23.333333,1.5
gpt-5.4-mini,exps_numerical,rsa_fit,rsa_predicted,1,1,0,0.00505050505050505,0.505051,1.5
gpt-5.4-mini,exps_numerical,rsa_fit,rsa_predicted,1,1,1,0.0606060606060606,6.060606,1.5
gpt-5.4-mini,exps_numerical,rsa_fit,rsa_predicted,1,1,2,0.202020202020202,20.20202,1.5
gpt-5.4-mini,exps_numerical,rsa_fit,rsa_predicted,1,1,3,0.7323232323232324,73.232323,1.5
gpt-5.4-mini,exps_numerical,structured_output_agg,llm_bets,2,1,0,0.035,3.5,0.1
gpt-5.4-mini,exps_numerical,structured_output_agg,llm_bets,2,1,1,0.24666666666666667,24.666667,0.1
gpt-5.4-mini,exps_numerical,structured_output_agg,llm_bets,2,1,2,0.5583333333333335,55.833333,0.1
gpt-5.4-mini,exps_numerical,structured_output_agg,llm_bets,2,1,3,0.16,16.0,0.1
gpt-5.4-mini,exps_numerical,rsa_fit,rsa_predicted,2,1,0,0.020962780987678335,2.096278,0.1
gpt-5.4-mini,exps_numerical,rsa_fit,rsa_predicted,2,1,1,0.27097143750987485,27.097144,0.1
gpt-5.4-mini,exps_numerical,rsa_fit,rsa_predicted,2,1,2,0.5230889986056031,52.3089,0.1
gpt-5.4-mini,exps_numerical,rsa_fit,rsa_predicted,2,1,3,0.18497678289684374,18.497678,0.1
gpt-5.4-mini,exps_numerical,structured_output_agg,llm_bets,2,2,0,0.01,1.0,0.1
gpt-5.4-mini,exps_numerical,structured_output_agg,llm_bets,2,2,1,0.04833333333333333,4.833333,0.1
gpt-5.4-mini,exps_numerical,structured_output_agg,llm_bets,2,2,2,0.6166666666666668,61.666667,0.1
gpt-5.4-mini,exps_numerical,structured_output_agg,llm_bets,2,2,3,0.325,32.5,0.1
gpt-5.4-mini,exps_numerical,rsa_fit,rsa_predicted,2,2,0,0.006737638352628081,0.673764,0.1
gpt-5.4-mini,exps_numerical,rsa_fit,rsa_predicted,2,2,1,0.00469544558268138,0.469545,0.1
gpt-5.4-mini,exps_numerical,rsa_fit,rsa_predicted,2,2,2,0.13105006342563016,13.105006,0.1
gpt-5.4-mini,exps_numerical,rsa_fit,rsa_predicted,2,2,3,0.8575168526390604,85.751685,0.1
gpt-5.4-mini,exps_numerical,structured_output_agg,llm_bets,3,1,0,0.035,3.5,0.1
gpt-5.4-mini,exps_numerical,structured_output_agg,llm_bets,3,1,1,0.49499999999999994,49.5,0.1
gpt-5.4-mini,exps_numerical,structured_output_agg,llm_bets,3,1,2,0.24499999999999997,24.5,0.1
gpt-5.4-mini,exps_numerical,structured_output_agg,llm_bets,3,1,3,0.225,22.5,0.1
gpt-5.4-mini,exps_numerical,rsa_fit,rsa_predicted,3,1,0,0.04541295632261526,4.541296,0.1
gpt-5.4-mini,exps_numerical,rsa_fit,rsa_predicted,3,1,1,0.48389238501831444,48.389239,0.1
gpt-5.4-mini,exps_numerical,rsa_fit,rsa_predicted,3,1,2,0.10601231050879961,10.601231,0.1
gpt-5.4-mini,exps_numerical,rsa_fit,rsa_predicted,3,1,3,0.36468234815027073,36.468235,0.1
gpt-5.4-mini,exps_numerical,structured_output_agg,llm_bets,3,2,0,0.006666666666666667,0.666667,0.1
gpt-5.4-mini,exps_numerical,structured_output_agg,llm_bets,3,2,1,0.04666666666666667,4.666667,0.1
gpt-5.4-mini,exps_numerical,structured_output_agg,llm_bets,3,2,2,0.6716666666666667,67.166667,0.1
gpt-5.4-mini,exps_numerical,structured_output_agg,llm_bets,3,2,3,0.275,27.5,0.1
gpt-5.4-mini,exps_numerical,rsa_fit,rsa_predicted,3,2,0,0.01723450218493309,1.72345,0.1
gpt-5.4-mini,exps_numerical,rsa_fit,rsa_predicted,3,2,1,0.013656004928433737,1.3656,0.1
gpt-5.4-mini,exps_numerical,rsa_fit,rsa_predicted,3,2,2,0.7870294271741833,78.702943,0.1
gpt-5.4-mini,exps_numerical,rsa_fit,rsa_predicted,3,2,3,0.18208006571244986,18.208007,0.1
gpt-5.4-mini,exps_numerical,structured_output_agg,llm_bets,3,3,0,0.0,0.0,0.1
gpt-5.4-mini,exps_numerical,structured_output_agg,llm_bets,3,3,1,0.0016666666666666668,0.166667,0.1
gpt-5.4-mini,exps_numerical,structured_output_agg,llm_bets,3,3,2,0.04,4.0,0.1
gpt-5.4-mini,exps_numerical,structured_output_agg,llm_bets,3,3,3,0.9583333333333334,95.833333,0.1
gpt-5.4-mini,exps_numerical,rsa_fit,rsa_predicted,3,3,0,0.006567505121842903,0.656751,0.1
gpt-5.4-mini,exps_numerical,rsa_fit,rsa_predicted,3,3,1,0.004415393693862823,0.441539,0.1
gpt-5.4-mini,exps_numerical,rsa_fit,rsa_predicted,3,3,2,0.01586782108731952,1.586782,0.1
gpt-5.4-mini,exps_numerical,rsa_fit,rsa_predicted,3,3,3,0.9731492800969748,97.314928,0.1
gpt-5.4-mini,exps_some,structured_output_agg,llm_bets,1,some,0,0.03,3.0,0.1
gpt-5.4-mini,exps_some,structured_output_agg,llm_bets,1,some,1,0.12666666666666668,12.666667,0.1
gpt-5.4-mini,exps_some,structured_output_agg,llm_bets,1,some,2,0.4183333333333334,41.833333,0.1
gpt-5.4-mini,exps_some,structured_output_agg,llm_bets,1,some,3,0.42500000000000004,42.5,0.1
gpt-5.4-mini,exps_some,rsa_fit,rsa_predicted,1,some,0,0.001714973178911597,0.171497,0.1
gpt-5.4-mini,exps_some,rsa_fit,rsa_predicted,1,some,1,0.04857971933615735,4.857972,0.1
gpt-5.4-mini,exps_some,rsa_fit,rsa_predicted,1,some,2,0.1800286881511763,18.002869,0.1
gpt-5.4-mini,exps_some,rsa_fit,rsa_predicted,1,some,3,0.7696766193337548,76.967662,0.1
gpt-5.4-mini,exps_some,structured_output_agg,llm_bets,2,some,0,0.024999999999999998,2.5,0.1
gpt-5.4-mini,exps_some,structured_output_agg,llm_bets,2,some,1,0.14166666666666664,14.166667,0.1
gpt-5.4-mini,exps_some,structured_output_agg,llm_bets,2,some,2,0.5083333333333334,50.833333,0.1
gpt-5.4-mini,exps_some,structured_output_agg,llm_bets,2,some,3,0.325,32.5,0.1
gpt-5.4-mini,exps_some,rsa_fit,rsa_predicted,2,some,0,0.0013461718586517289,0.134617,0.1
gpt-5.4-mini,exps_some,rsa_fit,rsa_predicted,2,some,1,0.051520460468000344,5.152046,0.1
gpt-5.4-mini,exps_some,rsa_fit,rsa_predicted,2,some,2,0.20675225628236335,20.675226,0.1
gpt-5.4-mini,exps_some,rsa_fit,rsa_predicted,2,some,3,0.7403811113909846,74.038111,0.1
gpt-5.4-mini,exps_some,structured_output_agg,llm_bets,3,some,0,0.03,3.0,0.1
gpt-5.4-mini,exps_some,structured_output_agg,llm_bets,3,some,1,0.11,11.0,0.1
gpt-5.4-mini,exps_some,structured_output_agg,llm_bets,3,some,2,0.3933333333333333,39.333333,0.1
gpt-5.4-mini,exps_some,structured_output_agg,llm_bets,3,some,3,0.46666666666666673,46.666667,0.1
gpt-5.4-mini,exps_some,rsa_fit,rsa_predicted,3,some,0,0.0014166960511821569,0.14167,0.1
gpt-5.4-mini,exps_some,rsa_fit,rsa_predicted,3,some,1,0.09480205915288376,9.480206,0.1
gpt-5.4-mini,exps_some,rsa_fit,rsa_predicted,3,some,2,0.33180720703509314,33.180721,0.1
gpt-5.4-mini,exps_some,rsa_fit,rsa_predicted,3,some,3,0.5719740377608408,57.197404,0.1
gpt-5.4-nano,exps_numerical,structured_output_agg,llm_bets,1,1,0,0.0,0.0,1.5
gpt-5.4-nano,exps_numerical,structured_output_agg,llm_bets,1,1,1,0.1516666666666667,15.166667,1.5
gpt-5.4-nano,exps_numerical,structured_output_agg,llm_bets,1,1,2,0.5166666666666667,51.666667,1.5
gpt-5.4-nano,exps_numerical,structured_output_agg,llm_bets,1,1,3,0.33166666666666667,33.166667,1.5
gpt-5.4-nano,exps_numerical,rsa_fit,rsa_predicted,1,1,0,0.008474576271186444,0.847458,1.5
gpt-5.4-nano,exps_numerical,rsa_fit,rsa_predicted,1,1,1,0.11016949152542373,11.016949,1.5
gpt-5.4-nano,exps_numerical,rsa_fit,rsa_predicted,1,1,2,0.3220338983050847,32.20339,1.5
gpt-5.4-nano,exps_numerical,rsa_fit,rsa_predicted,1,1,3,0.5593220338983051,55.932203,1.5
gpt-5.4-nano,exps_numerical,structured_output_agg,llm_bets,2,1,0,0.0,0.0,0.1
gpt-5.4-nano,exps_numerical,structured_output_agg,llm_bets,2,1,1,0.16666666666666666,16.666667,0.1
gpt-5.4-nano,exps_numerical,structured_output_agg,llm_bets,2,1,2,0.7416666666666667,74.166667,0.1
gpt-5.4-nano,exps_numerical,structured_output_agg,llm_bets,2,1,3,0.09166666666666667,9.166667,0.1
gpt-5.4-nano,exps_numerical,rsa_fit,rsa_predicted,2,1,0,0.026766287660138683,2.676629,0.1
gpt-5.4-nano,exps_numerical,rsa_fit,rsa_predicted,2,1,1,0.331203502076192,33.12035,0.1
gpt-5.4-nano,exps_numerical,rsa_fit,rsa_predicted,2,1,2,0.5490549083275144,54.905491,0.1
gpt-5.4-nano,exps_numerical,rsa_fit,rsa_predicted,2,1,3,0.09297530193615508,9.29753,0.1
gpt-5.4-nano,exps_numerical,structured_output_agg,llm_bets,2,2,0,0.0,0.0,0.1
gpt-5.4-nano,exps_numerical,structured_output_agg,llm_bets,2,2,1,0.041666666666666664,4.166667,0.1
gpt-5.4-nano,exps_numerical,structured_output_agg,llm_bets,2,2,2,0.8166666666666665,81.666667,0.1
gpt-5.4-nano,exps_numerical,structured_output_agg,llm_bets,2,2,3,0.14166666666666664,14.166667,0.1
gpt-5.4-nano,exps_numerical,rsa_fit,rsa_predicted,2,2,0,0.013304451102211698,1.330445,0.1
gpt-5.4-nano,exps_numerical,rsa_fit,rsa_predicted,2,2,1,0.010817150367793987,1.081715,0.1
gpt-5.4-nano,exps_numerical,rsa_fit,rsa_predicted,2,2,2,0.2670583726464636,26.705837,0.1
gpt-5.4-nano,exps_numerical,rsa_fit,rsa_predicted,2,2,3,0.7088200258835307,70.882003,0.1
gpt-5.4-nano,exps_numerical,structured_output_agg,llm_bets,3,1,0,0.0,0.0,0.1
gpt-5.4-nano,exps_numerical,structured_output_agg,llm_bets,3,1,1,0.40666666666666673,40.666667,0.1
gpt-5.4-nano,exps_numerical,structured_output_agg,llm_bets,3,1,2,0.51,51.0,0.1
gpt-5.4-nano,exps_numerical,structured_output_agg,llm_bets,3,1,3,0.08333333333333333,8.333333,0.1
gpt-5.4-nano,exps_numerical,rsa_fit,rsa_predicted,3,1,0,0.05207809270473492,5.207809,0.1
gpt-5.4-nano,exps_numerical,rsa_fit,rsa_predicted,3,1,1,0.6473972836794709,64.739728,0.1
gpt-5.4-nano,exps_numerical,rsa_fit,rsa_predicted,3,1,2,0.1254617360726131,12.546174,0.1
gpt-5.4-nano,exps_numerical,rsa_fit,rsa_predicted,3,1,3,0.1750628875431811,17.506289,0.1
gpt-5.4-nano,exps_numerical,structured_output_agg,llm_bets,3,2,0,0.0,0.0,0.1
gpt-5.4-nano,exps_numerical,structured_output_agg,llm_bets,3,2,1,0.05833333333333333,5.833333,0.1
gpt-5.4-nano,exps_numerical,structured_output_agg,llm_bets,3,2,2,0.7583333333333333,75.833333,0.1
gpt-5.4-nano,exps_numerical,structured_output_agg,llm_bets,3,2,3,0.18333333333333335,18.333333,0.1
gpt-5.4-nano,exps_numerical,rsa_fit,rsa_predicted,3,2,0,0.02307992833354287,2.307993,0.1
gpt-5.4-nano,exps_numerical,rsa_fit,rsa_predicted,3,2,1,0.01810298778853344,1.810299,0.1
gpt-5.4-nano,exps_numerical,rsa_fit,rsa_predicted,3,2,2,0.8812328504984946,88.123285,0.1
gpt-5.4-nano,exps_numerical,rsa_fit,rsa_predicted,3,2,3,0.07758423337942903,7.758423,0.1
gpt-5.4-nano,exps_numerical,structured_output_agg,llm_bets,3,3,0,0.0,0.0,0.2
gpt-5.4-nano,exps_numerical,structured_output_agg,llm_bets,3,3,1,0.0,0.0,0.2
gpt-5.4-nano,exps_numerical,structured_output_agg,llm_bets,3,3,2,0.016666666666666666,1.666667,0.2
gpt-5.4-nano,exps_numerical,structured_output_agg,llm_bets,3,3,3,0.9833333333333334,98.333333,0.2
gpt-5.4-nano,exps_numerical,rsa_fit,rsa_predicted,3,3,0,0.015694736852091253,1.569474,0.2
gpt-5.4-nano,exps_numerical,rsa_fit,rsa_predicted,3,3,1,0.0008678363815800009,0.086784,0.2
gpt-5.4-nano,exps_numerical,rsa_fit,rsa_predicted,3,3,2,0.0024795325188000017,0.247953,0.2
gpt-5.4-nano,exps_numerical,rsa_fit,rsa_predicted,3,3,3,0.9809578942475288,98.095789,0.2
gpt-5.4-nano,exps_some,structured_output_agg,llm_bets,1,some,0,0.0,0.0,0.1
gpt-5.4-nano,exps_some,structured_output_agg,llm_bets,1,some,1,0.275,27.5,0.1
gpt-5.4-nano,exps_some,structured_output_agg,llm_bets,1,some,2,0.47500000000000003,47.5,0.1
gpt-5.4-nano,exps_some,structured_output_agg,llm_bets,1,some,3,0.25,25.0,0.1
gpt-5.4-nano,exps_some,rsa_fit,rsa_predicted,1,some,0,0.003457486050145731,0.345749,0.1
gpt-5.4-nano,exps_some,rsa_fit,rsa_predicted,1,some,1,0.09375409943560199,9.37541,0.1
gpt-5.4-nano,exps_some,rsa_fit,rsa_predicted,1,some,2,0.29456677318113655,29.456677,0.1
gpt-5.4-nano,exps_some,rsa_fit,rsa_predicted,1,some,3,0.6082216413331156,60.822164,0.1
gpt-5.4-nano,exps_some,structured_output_agg,llm_bets,2,some,0,0.0,0.0,8.0
gpt-5.4-nano,exps_some,structured_output_agg,llm_bets,2,some,1,0.18333333333333332,18.333333,8.0
gpt-5.4-nano,exps_some,structured_output_agg,llm_bets,2,some,2,0.6166666666666667,61.666667,8.0
gpt-5.4-nano,exps_some,structured_output_agg,llm_bets,2,some,3,0.19999999999999998,20.0,8.0
gpt-5.4-nano,exps_some,rsa_fit,rsa_predicted,2,some,0,3.511259396768913e-98,0.0,8.0
gpt-5.4-nano,exps_some,rsa_fit,rsa_predicted,2,some,1,0.16322118907937339,16.322119,8.0
gpt-5.4-nano,exps_some,rsa_fit,rsa_predicted,2,some,2,0.4680965742598935,46.809657,8.0
gpt-5.4-nano,exps_some,rsa_fit,rsa_predicted,2,some,3,0.368682236660733,36.868224,8.0
gpt-5.4-nano,exps_some,structured_output_agg,llm_bets,3,some,0,0.0,0.0,0.1
gpt-5.4-nano,exps_some,structured_output_agg,llm_bets,3,some,1,0.11666666666666668,11.666667,0.1
gpt-5.4-nano,exps_some,structured_output_agg,llm_bets,3,some,2,0.39166666666666666,39.166667,0.1
gpt-5.4-nano,exps_some,structured_output_agg,llm_bets,3,some,3,0.4916666666666667,49.166667,0.1
gpt-5.4-nano,exps_some,rsa_fit,rsa_predicted,3,some,0,0.0021152330490942753,0.211523,0.1
gpt-5.4-nano,exps_some,rsa_fit,rsa_predicted,3,some,1,0.15644619479898647,15.644619,0.1
gpt-5.4-nano,exps_some,rsa_fit,rsa_predicted,3,some,2,0.4693385843969594,46.933858,0.1
gpt-5.4-nano,exps_some,rsa_fit,rsa_predicted,3,some,3,0.37209998775495984,37.209999,0.1
meta-llama--Llama-3.1-8B-Instruct,exps_numerical,structured_output_agg,llm_bets,1,1,0,0.0,0.0,0.1
meta-llama--Llama-3.1-8B-Instruct,exps_numerical,structured_output_agg,llm_bets,1,1,1,0.0,0.0,0.1
meta-llama--Llama-3.1-8B-Instruct,exps_numerical,structured_output_agg,llm_bets,1,1,2,0.0,0.0,0.1
meta-llama--Llama-3.1-8B-Instruct,exps_numerical,structured_output_agg,llm_bets,1,1,3,1.0,100.0,0.1
meta-llama--Llama-3.1-8B-Instruct,exps_numerical,rsa_fit,rsa_predicted,1,1,0,0.0,0.0,0.1
meta-llama--Llama-3.1-8B-Instruct,exps_numerical,rsa_fit,rsa_predicted,1,1,1,0.0,0.0,0.1
meta-llama--Llama-3.1-8B-Instruct,exps_numerical,rsa_fit,rsa_predicted,1,1,2,0.0,0.0,0.1
meta-llama--Llama-3.1-8B-Instruct,exps_numerical,rsa_fit,rsa_predicted,1,1,3,1.0,100.0,0.1
meta-llama--Llama-3.1-8B-Instruct,exps_numerical,ftp_logprobs_agg,logprobs_posterior,1,1,0,0.032595076799341434,3.259508,0.1
meta-llama--Llama-3.1-8B-Instruct,exps_numerical,ftp_logprobs_agg,logprobs_posterior,1,1,1,0.2330034236951418,23.300342,0.1
meta-llama--Llama-3.1-8B-Instruct,exps_numerical,ftp_logprobs_agg,logprobs_posterior,1,1,2,0.5831255538987957,58.312555,0.1
meta-llama--Llama-3.1-8B-Instruct,exps_numerical,ftp_logprobs_agg,logprobs_posterior,1,1,3,0.15127594560672103,15.127595,0.1
meta-llama--Llama-3.1-8B-Instruct,exps_numerical,structured_output_agg,llm_bets,2,1,0,0.0,0.0,0.1
meta-llama--Llama-3.1-8B-Instruct,exps_numerical,structured_output_agg,llm_bets,2,1,1,0.0,0.0,0.1
meta-llama--Llama-3.1-8B-Instruct,exps_numerical,structured_output_agg,llm_bets,2,1,2,0.0,0.0,0.1
meta-llama--Llama-3.1-8B-Instruct,exps_numerical,structured_output_agg,llm_bets,2,1,3,1.0,100.0,0.1
meta-llama--Llama-3.1-8B-Instruct,exps_numerical,rsa_fit,rsa_predicted,2,1,0,0.0,0.0,0.1
meta-llama--Llama-3.1-8B-Instruct,exps_numerical,rsa_fit,rsa_predicted,2,1,1,0.0,0.0,0.1
meta-llama--Llama-3.1-8B-Instruct,exps_numerical,rsa_fit,rsa_predicted,2,1,2,0.0,0.0,0.1
meta-llama--Llama-3.1-8B-Instruct,exps_numerical,rsa_fit,rsa_predicted,2,1,3,1.0,100.0,0.1
meta-llama--Llama-3.1-8B-Instruct,exps_numerical,ftp_logprobs_agg,logprobs_posterior,2,1,0,0.021035963095543005,2.103596,0.1
meta-llama--Llama-3.1-8B-Instruct,exps_numerical,ftp_logprobs_agg,logprobs_posterior,2,1,1,0.3209054822033874,32.090548,0.1
meta-llama--Llama-3.1-8B-Instruct,exps_numerical,ftp_logprobs_agg,logprobs_posterior,2,1,2,0.48958961814250346,48.958962,0.1
meta-llama--Llama-3.1-8B-Instruct,exps_numerical,ftp_logprobs_agg,logprobs_posterior,2,1,3,0.16846893655856607,16.846894,0.1
meta-llama--Llama-3.1-8B-Instruct,exps_numerical,structured_output_agg,llm_bets,2,2,0,0.0,0.0,0.1
meta-llama--Llama-3.1-8B-Instruct,exps_numerical,structured_output_agg,llm_bets,2,2,1,0.0,0.0,0.1
meta-llama--Llama-3.1-8B-Instruct,exps_numerical,structured_output_agg,llm_bets,2,2,2,0.39999999999999997,40.0,0.1
meta-llama--Llama-3.1-8B-Instruct,exps_numerical,structured_output_agg,llm_bets,2,2,3,0.6,60.0,0.1
meta-llama--Llama-3.1-8B-Instruct,exps_numerical,rsa_fit,rsa_predicted,2,2,0,0.0,0.0,0.1
meta-llama--Llama-3.1-8B-Instruct,exps_numerical,rsa_fit,rsa_predicted,2,2,1,0.0,0.0,0.1
meta-llama--Llama-3.1-8B-Instruct,exps_numerical,rsa_fit,rsa_predicted,2,2,2,0.0,0.0,0.1
meta-llama--Llama-3.1-8B-Instruct,exps_numerical,rsa_fit,rsa_predicted,2,2,3,1.0,100.0,0.1
meta-llama--Llama-3.1-8B-Instruct,exps_numerical,ftp_logprobs_agg,logprobs_posterior,2,2,0,0.028569256286386135,2.856926,0.1
meta-llama--Llama-3.1-8B-Instruct,exps_numerical,ftp_logprobs_agg,logprobs_posterior,2,2,1,0.052552974629873704,5.255297,0.1
meta-llama--Llama-3.1-8B-Instruct,exps_numerical,ftp_logprobs_agg,logprobs_posterior,2,2,2,0.49716624639087675,49.716625,0.1
meta-llama--Llama-3.1-8B-Instruct,exps_numerical,ftp_logprobs_agg,logprobs_posterior,2,2,3,0.4217115226928634,42.171152,0.1
meta-llama--Llama-3.1-8B-Instruct,exps_numerical,structured_output_agg,llm_bets,3,1,0,0.0,0.0,0.1
meta-llama--Llama-3.1-8B-Instruct,exps_numerical,structured_output_agg,llm_bets,3,1,1,0.0,0.0,0.1
meta-llama--Llama-3.1-8B-Instruct,exps_numerical,structured_output_agg,llm_bets,3,1,2,0.0,0.0,0.1
meta-llama--Llama-3.1-8B-Instruct,exps_numerical,structured_output_agg,llm_bets,3,1,3,1.0,100.0,0.1
meta-llama--Llama-3.1-8B-Instruct,exps_numerical,rsa_fit,rsa_predicted,3,1,0,0.0,0.0,0.1
meta-llama--Llama-3.1-8B-Instruct,exps_numerical,rsa_fit,rsa_predicted,3,1,1,0.0,0.0,0.1
meta-llama--Llama-3.1-8B-Instruct,exps_numerical,rsa_fit,rsa_predicted,3,1,2,0.0,0.0,0.1
meta-llama--Llama-3.1-8B-Instruct,exps_numerical,rsa_fit,rsa_predicted,3,1,3,1.0,100.0,0.1
meta-llama--Llama-3.1-8B-Instruct,exps_numerical,ftp_logprobs_agg,logprobs_posterior,3,1,0,0.07377729791022164,7.37773,0.1
meta-llama--Llama-3.1-8B-Instruct,exps_numerical,ftp_logprobs_agg,logprobs_posterior,3,1,1,0.4965685285373585,49.656853,0.1
meta-llama--Llama-3.1-8B-Instruct,exps_numerical,ftp_logprobs_agg,logprobs_posterior,3,1,2,0.2616093348873138,26.160933,0.1
meta-llama--Llama-3.1-8B-Instruct,exps_numerical,ftp_logprobs_agg,logprobs_posterior,3,1,3,0.16804483866510597,16.804484,0.1
meta-llama--Llama-3.1-8B-Instruct,exps_numerical,structured_output_agg,llm_bets,3,2,0,0.0,0.0,0.1
meta-llama--Llama-3.1-8B-Instruct,exps_numerical,structured_output_agg,llm_bets,3,2,1,0.0,0.0,0.1
meta-llama--Llama-3.1-8B-Instruct,exps_numerical,structured_output_agg,llm_bets,3,2,2,0.2833333333333333,28.333333,0.1
meta-llama--Llama-3.1-8B-Instruct,exps_numerical,structured_output_agg,llm_bets,3,2,3,0.7166666666666667,71.666667,0.1
meta-llama--Llama-3.1-8B-Instruct,exps_numerical,rsa_fit,rsa_predicted,3,2,0,0.0,0.0,0.1
meta-llama--Llama-3.1-8B-Instruct,exps_numerical,rsa_fit,rsa_predicted,3,2,1,0.0,0.0,0.1
meta-llama--Llama-3.1-8B-Instruct,exps_numerical,rsa_fit,rsa_predicted,3,2,2,0.0,0.0,0.1
meta-llama--Llama-3.1-8B-Instruct,exps_numerical,rsa_fit,rsa_predicted,3,2,3,1.0,100.0,0.1
meta-llama--Llama-3.1-8B-Instruct,exps_numerical,ftp_logprobs_agg,logprobs_posterior,3,2,0,0.03637647755924032,3.637648,0.1
meta-llama--Llama-3.1-8B-Instruct,exps_numerical,ftp_logprobs_agg,logprobs_posterior,3,2,1,0.03202180936474324,3.202181,0.1
meta-llama--Llama-3.1-8B-Instruct,exps_numerical,ftp_logprobs_agg,logprobs_posterior,3,2,2,0.7624734226212052,76.247342,0.1
meta-llama--Llama-3.1-8B-Instruct,exps_numerical,ftp_logprobs_agg,logprobs_posterior,3,2,3,0.1691282904548113,16.912829,0.1
meta-llama--Llama-3.1-8B-Instruct,exps_numerical,structured_output_agg,llm_bets,3,3,0,0.0,0.0,0.1
meta-llama--Llama-3.1-8B-Instruct,exps_numerical,structured_output_agg,llm_bets,3,3,1,0.0,0.0,0.1
meta-llama--Llama-3.1-8B-Instruct,exps_numerical,structured_output_agg,llm_bets,3,3,2,0.0,0.0,0.1
meta-llama--Llama-3.1-8B-Instruct,exps_numerical,structured_output_agg,llm_bets,3,3,3,1.0,100.0,0.1
meta-llama--Llama-3.1-8B-Instruct,exps_numerical,rsa_fit,rsa_predicted,3,3,0,0.0,0.0,0.1
meta-llama--Llama-3.1-8B-Instruct,exps_numerical,rsa_fit,rsa_predicted,3,3,1,0.0,0.0,0.1
meta-llama--Llama-3.1-8B-Instruct,exps_numerical,rsa_fit,rsa_predicted,3,3,2,0.0,0.0,0.1
meta-llama--Llama-3.1-8B-Instruct,exps_numerical,rsa_fit,rsa_predicted,3,3,3,1.0,100.0,0.1
meta-llama--Llama-3.1-8B-Instruct,exps_numerical,ftp_logprobs_agg,logprobs_posterior,3,3,0,0.1451272501280865,14.512725,0.1
meta-llama--Llama-3.1-8B-Instruct,exps_numerical,ftp_logprobs_agg,logprobs_posterior,3,3,1,0.039645764896670405,3.964576,0.1
meta-llama--Llama-3.1-8B-Instruct,exps_numerical,ftp_logprobs_agg,logprobs_posterior,3,3,2,0.08372749005034602,8.372749,0.1
meta-llama--Llama-3.1-8B-Instruct,exps_numerical,ftp_logprobs_agg,logprobs_posterior,3,3,3,0.7314994949248971,73.149949,0.1
meta-llama--Llama-3.1-8B-Instruct,exps_some,structured_output_agg,llm_bets,1,some,0,0.0,0.0,0.1
meta-llama--Llama-3.1-8B-Instruct,exps_some,structured_output_agg,llm_bets,1,some,1,0.0,0.0,0.1
meta-llama--Llama-3.1-8B-Instruct,exps_some,structured_output_agg,llm_bets,1,some,2,0.0,0.0,0.1
meta-llama--Llama-3.1-8B-Instruct,exps_some,structured_output_agg,llm_bets,1,some,3,1.0,100.0,0.1
meta-llama--Llama-3.1-8B-Instruct,exps_some,rsa_fit,rsa_predicted,1,some,0,0.0,0.0,0.1
meta-llama--Llama-3.1-8B-Instruct,exps_some,rsa_fit,rsa_predicted,1,some,1,0.0,0.0,0.1
meta-llama--Llama-3.1-8B-Instruct,exps_some,rsa_fit,rsa_predicted,1,some,2,0.0,0.0,0.1
meta-llama--Llama-3.1-8B-Instruct,exps_some,rsa_fit,rsa_predicted,1,some,3,1.0,100.0,0.1
meta-llama--Llama-3.1-8B-Instruct,exps_some,ftp_logprobs_agg,logprobs_posterior,1,some,0,0.05180714289655542,5.180714,0.1
meta-llama--Llama-3.1-8B-Instruct,exps_some,ftp_logprobs_agg,logprobs_posterior,1,some,1,0.18123839388295293,18.123839,0.1
meta-llama--Llama-3.1-8B-Instruct,exps_some,ftp_logprobs_agg,logprobs_posterior,1,some,2,0.514517839328945,51.451784,0.1
meta-llama--Llama-3.1-8B-Instruct,exps_some,ftp_logprobs_agg,logprobs_posterior,1,some,3,0.2524366238915466,25.243662,0.1
meta-llama--Llama-3.1-8B-Instruct,exps_some,structured_output_agg,llm_bets,2,some,0,0.0,0.0,0.1
meta-llama--Llama-3.1-8B-Instruct,exps_some,structured_output_agg,llm_bets,2,some,1,0.0,0.0,0.1
meta-llama--Llama-3.1-8B-Instruct,exps_some,structured_output_agg,llm_bets,2,some,2,0.08333333333333333,8.333333,0.1
meta-llama--Llama-3.1-8B-Instruct,exps_some,structured_output_agg,llm_bets,2,some,3,0.9166666666666666,91.666667,0.1
meta-llama--Llama-3.1-8B-Instruct,exps_some,rsa_fit,rsa_predicted,2,some,0,0.0,0.0,0.1
meta-llama--Llama-3.1-8B-Instruct,exps_some,rsa_fit,rsa_predicted,2,some,1,0.0,0.0,0.1
meta-llama--Llama-3.1-8B-Instruct,exps_some,rsa_fit,rsa_predicted,2,some,2,0.0,0.0,0.1
meta-llama--Llama-3.1-8B-Instruct,exps_some,rsa_fit,rsa_predicted,2,some,3,1.0,100.0,0.1
meta-llama--Llama-3.1-8B-Instruct,exps_some,ftp_logprobs_agg,logprobs_posterior,2,some,0,0.041287011848135415,4.128701,0.1
meta-llama--Llama-3.1-8B-Instruct,exps_some,ftp_logprobs_agg,logprobs_posterior,2,some,1,0.12716061837502146,12.716062,0.1
meta-llama--Llama-3.1-8B-Instruct,exps_some,ftp_logprobs_agg,logprobs_posterior,2,some,2,0.5919931503657109,59.199315,0.1
meta-llama--Llama-3.1-8B-Instruct,exps_some,ftp_logprobs_agg,logprobs_posterior,2,some,3,0.23955921941113226,23.955922,0.1
meta-llama--Llama-3.1-8B-Instruct,exps_some,structured_output_agg,llm_bets,3,some,0,0.0,0.0,0.1
meta-llama--Llama-3.1-8B-Instruct,exps_some,structured_output_agg,llm_bets,3,some,1,0.0,0.0,0.1
meta-llama--Llama-3.1-8B-Instruct,exps_some,structured_output_agg,llm_bets,3,some,2,0.0,0.0,0.1
meta-llama--Llama-3.1-8B-Instruct,exps_some,structured_output_agg,llm_bets,3,some,3,1.0,100.0,0.1
meta-llama--Llama-3.1-8B-Instruct,exps_some,rsa_fit,rsa_predicted,3,some,0,0.0,0.0,0.1
meta-llama--Llama-3.1-8B-Instruct,exps_some,rsa_fit,rsa_predicted,3,some,1,0.0,0.0,0.1
meta-llama--Llama-3.1-8B-Instruct,exps_some,rsa_fit,rsa_predicted,3,some,2,0.0,0.0,0.1
meta-llama--Llama-3.1-8B-Instruct,exps_some,rsa_fit,rsa_predicted,3,some,3,1.0,100.0,0.1
meta-llama--Llama-3.1-8B-Instruct,exps_some,ftp_logprobs_agg,logprobs_posterior,3,some,0,0.10658906113907567,10.658906,0.1
meta-llama--Llama-3.1-8B-Instruct,exps_some,ftp_logprobs_agg,logprobs_posterior,3,some,1,0.09212073775321611,9.212074,0.1
meta-llama--Llama-3.1-8B-Instruct,exps_some,ftp_logprobs_agg,logprobs_posterior,3,some,2,0.3023902691643026,30.239027,0.1
meta-llama--Llama-3.1-8B-Instruct,exps_some,ftp_logprobs_agg,logprobs_posterior,3,some,3,0.49889993194340554,49.889993,0.1
meta-llama--Llama-3.2-1B-Instruct,exps_numerical,structured_output_agg,llm_bets,1,1,0,0.3666666666666667,36.666667,0.1
meta-llama--Llama-3.2-1B-Instruct,exps_numerical,structured_output_agg,llm_bets,1,1,1,0.3,30.0,0.1
meta-llama--Llama-3.2-1B-Instruct,exps_numerical,structured_output_agg,llm_bets,1,1,2,0.19999999999999998,20.0,0.1
meta-llama--Llama-3.2-1B-Instruct,exps_numerical,structured_output_agg,llm_bets,1,1,3,0.13333333333333333,13.333333,0.1
meta-llama--Llama-3.2-1B-Instruct,exps_numerical,rsa_fit,rsa_predicted,1,1,0,0.20145211284132367,20.145211,0.1
meta-llama--Llama-3.2-1B-Instruct,exps_numerical,rsa_fit,rsa_predicted,1,1,1,0.39730828059253886,39.730828,0.1
meta-llama--Llama-3.2-1B-Instruct,exps_numerical,rsa_fit,rsa_predicted,1,1,2,0.26708028392529093,26.708028,0.1
meta-llama--Llama-3.2-1B-Instruct,exps_numerical,rsa_fit,rsa_predicted,1,1,3,0.13415932264084668,13.415932,0.1
meta-llama--Llama-3.2-1B-Instruct,exps_numerical,ftp_logprobs_agg,logprobs_posterior,1,1,0,0.45689207588615227,45.689208,0.1
meta-llama--Llama-3.2-1B-Instruct,exps_numerical,ftp_logprobs_agg,logprobs_posterior,1,1,1,0.15622431502307102,15.622432,0.1
meta-llama--Llama-3.2-1B-Instruct,exps_numerical,ftp_logprobs_agg,logprobs_posterior,1,1,2,0.292496029909993,29.249603,0.1
meta-llama--Llama-3.2-1B-Instruct,exps_numerical,ftp_logprobs_agg,logprobs_posterior,1,1,3,0.09438757918078367,9.438758,0.1
meta-llama--Llama-3.2-1B-Instruct,exps_numerical,structured_output_agg,llm_bets,2,1,0,0.3666666666666667,36.666667,0.1
meta-llama--Llama-3.2-1B-Instruct,exps_numerical,structured_output_agg,llm_bets,2,1,1,0.3,30.0,0.1
meta-llama--Llama-3.2-1B-Instruct,exps_numerical,structured_output_agg,llm_bets,2,1,2,0.19999999999999998,20.0,0.1
meta-llama--Llama-3.2-1B-Instruct,exps_numerical,structured_output_agg,llm_bets,2,1,3,0.13333333333333333,13.333333,0.1
meta-llama--Llama-3.2-1B-Instruct,exps_numerical,rsa_fit,rsa_predicted,2,1,0,0.2644694141110528,26.446941,0.1
meta-llama--Llama-3.2-1B-Instruct,exps_numerical,rsa_fit,rsa_predicted,2,1,1,0.5259406209303811,52.594062,0.1
meta-llama--Llama-3.2-1B-Instruct,exps_numerical,rsa_fit,rsa_predicted,2,1,2,0.19847713975305398,19.847714,0.1
meta-llama--Llama-3.2-1B-Instruct,exps_numerical,rsa_fit,rsa_predicted,2,1,3,0.011112825205512175,1.111283,0.1
meta-llama--Llama-3.2-1B-Instruct,exps_numerical,ftp_logprobs_agg,logprobs_posterior,2,1,0,0.47302464652762627,47.302465,0.1
meta-llama--Llama-3.2-1B-Instruct,exps_numerical,ftp_logprobs_agg,logprobs_posterior,2,1,1,0.17807857749710324,17.807858,0.1
meta-llama--Llama-3.2-1B-Instruct,exps_numerical,ftp_logprobs_agg,logprobs_posterior,2,1,2,0.24980342227870386,24.980342,0.1
meta-llama--Llama-3.2-1B-Instruct,exps_numerical,ftp_logprobs_agg,logprobs_posterior,2,1,3,0.09909335369656658,9.909335,0.1
meta-llama--Llama-3.2-1B-Instruct,exps_numerical,structured_output_agg,llm_bets,2,2,0,0.36,36.0,0.1
meta-llama--Llama-3.2-1B-Instruct,exps_numerical,structured_output_agg,llm_bets,2,2,1,0.3,30.0,0.1
meta-llama--Llama-3.2-1B-Instruct,exps_numerical,structured_output_agg,llm_bets,2,2,2,0.2,20.0,0.1
meta-llama--Llama-3.2-1B-Instruct,exps_numerical,structured_output_agg,llm_bets,2,2,3,0.13999999999999999,14.0,0.1
meta-llama--Llama-3.2-1B-Instruct,exps_numerical,rsa_fit,rsa_predicted,2,2,0,0.400505322702194,40.050532,0.1
meta-llama--Llama-3.2-1B-Instruct,exps_numerical,rsa_fit,rsa_predicted,2,2,1,0.05233336732490446,5.233337,0.1
meta-llama--Llama-3.2-1B-Instruct,exps_numerical,rsa_fit,rsa_predicted,2,2,2,0.2804402413777939,28.044024,0.1
meta-llama--Llama-3.2-1B-Instruct,exps_numerical,rsa_fit,rsa_predicted,2,2,3,0.2667210685951077,26.672107,0.1
meta-llama--Llama-3.2-1B-Instruct,exps_numerical,ftp_logprobs_agg,logprobs_posterior,2,2,0,0.4620223470502361,46.202235,0.1
meta-llama--Llama-3.2-1B-Instruct,exps_numerical,ftp_logprobs_agg,logprobs_posterior,2,2,1,0.17662726463008857,17.662726,0.1
meta-llama--Llama-3.2-1B-Instruct,exps_numerical,ftp_logprobs_agg,logprobs_posterior,2,2,2,0.24832412934202117,24.832413,0.1
meta-llama--Llama-3.2-1B-Instruct,exps_numerical,ftp_logprobs_agg,logprobs_posterior,2,2,3,0.11302625897765413,11.302626,0.1
meta-llama--Llama-3.2-1B-Instruct,exps_numerical,structured_output_agg,llm_bets,3,1,0,0.3666666666666667,36.666667,0.1
meta-llama--Llama-3.2-1B-Instruct,exps_numerical,structured_output_agg,llm_bets,3,1,1,0.3,30.0,0.1
meta-llama--Llama-3.2-1B-Instruct,exps_numerical,structured_output_agg,llm_bets,3,1,2,0.19999999999999998,20.0,0.1
meta-llama--Llama-3.2-1B-Instruct,exps_numerical,structured_output_agg,llm_bets,3,1,3,0.13333333333333333,13.333333,0.1
meta-llama--Llama-3.2-1B-Instruct,exps_numerical,rsa_fit,rsa_predicted,3,1,0,0.32010837209955917,32.010837,0.1
meta-llama--Llama-3.2-1B-Instruct,exps_numerical,rsa_fit,rsa_predicted,3,1,1,0.6395394185768738,63.953942,0.1
meta-llama--Llama-3.2-1B-Instruct,exps_numerical,rsa_fit,rsa_predicted,3,1,2,0.02690147288237807,2.690147,0.1
meta-llama--Llama-3.2-1B-Instruct,exps_numerical,rsa_fit,rsa_predicted,3,1,3,0.013450736441189036,1.345074,0.1
meta-llama--Llama-3.2-1B-Instruct,exps_numerical,ftp_logprobs_agg,logprobs_posterior,3,1,0,0.47028846732368207,47.028847,0.1
meta-llama--Llama-3.2-1B-Instruct,exps_numerical,ftp_logprobs_agg,logprobs_posterior,3,1,1,0.17604573441814605,17.604573,0.1
meta-llama--Llama-3.2-1B-Instruct,exps_numerical,ftp_logprobs_agg,logprobs_posterior,3,1,2,0.2725578480775003,27.255785,0.1
meta-llama--Llama-3.2-1B-Instruct,exps_numerical,ftp_logprobs_agg,logprobs_posterior,3,1,3,0.08110795018067161,8.110795,0.1
meta-llama--Llama-3.2-1B-Instruct,exps_numerical,structured_output_agg,llm_bets,3,2,0,0.3666666666666667,36.666667,0.1
meta-llama--Llama-3.2-1B-Instruct,exps_numerical,structured_output_agg,llm_bets,3,2,1,0.3,30.0,0.1
meta-llama--Llama-3.2-1B-Instruct,exps_numerical,structured_output_agg,llm_bets,3,2,2,0.19999999999999998,20.0,0.1
meta-llama--Llama-3.2-1B-Instruct,exps_numerical,structured_output_agg,llm_bets,3,2,3,0.13333333333333333,13.333333,0.1
meta-llama--Llama-3.2-1B-Instruct,exps_numerical,rsa_fit,rsa_predicted,3,2,0,0.4,40.0,0.1
meta-llama--Llama-3.2-1B-Instruct,exps_numerical,rsa_fit,rsa_predicted,3,2,1,0.05042318519681438,5.042319,0.1
meta-llama--Llama-3.2-1B-Instruct,exps_numerical,rsa_fit,rsa_predicted,3,2,2,0.5327690864042474,53.276909,0.1
meta-llama--Llama-3.2-1B-Instruct,exps_numerical,rsa_fit,rsa_predicted,3,2,3,0.01680772839893813,1.680773,0.1
meta-llama--Llama-3.2-1B-Instruct,exps_numerical,ftp_logprobs_agg,logprobs_posterior,3,2,0,0.46923108108716693,46.923108,0.1
meta-llama--Llama-3.2-1B-Instruct,exps_numerical,ftp_logprobs_agg,logprobs_posterior,3,2,1,0.16536887511869047,16.536888,0.1
meta-llama--Llama-3.2-1B-Instruct,exps_numerical,ftp_logprobs_agg,logprobs_posterior,3,2,2,0.27440907463107767,27.440907,0.1
meta-llama--Llama-3.2-1B-Instruct,exps_numerical,ftp_logprobs_agg,logprobs_posterior,3,2,3,0.090990969163065,9.099097,0.1
meta-llama--Llama-3.2-1B-Instruct,exps_numerical,structured_output_agg,llm_bets,3,3,0,0.3666666666666667,36.666667,0.1
meta-llama--Llama-3.2-1B-Instruct,exps_numerical,structured_output_agg,llm_bets,3,3,1,0.3,30.0,0.1
meta-llama--Llama-3.2-1B-Instruct,exps_numerical,structured_output_agg,llm_bets,3,3,2,0.19999999999999998,20.0,0.1
meta-llama--Llama-3.2-1B-Instruct,exps_numerical,structured_output_agg,llm_bets,3,3,3,0.13333333333333333,13.333333,0.1
meta-llama--Llama-3.2-1B-Instruct,exps_numerical,rsa_fit,rsa_predicted,3,3,0,0.533032571341851,53.303257,0.1
meta-llama--Llama-3.2-1B-Instruct,exps_numerical,rsa_fit,rsa_predicted,3,3,1,0.06719300015176081,6.7193,0.1
meta-llama--Llama-3.2-1B-Instruct,exps_numerical,rsa_fit,rsa_predicted,3,3,2,0.04479533343450721,4.479533,0.1
meta-llama--Llama-3.2-1B-Instruct,exps_numerical,rsa_fit,rsa_predicted,3,3,3,0.354979095071881,35.49791,0.1
meta-llama--Llama-3.2-1B-Instruct,exps_numerical,ftp_logprobs_agg,logprobs_posterior,3,3,0,0.470577574816115,47.057757,0.1
meta-llama--Llama-3.2-1B-Instruct,exps_numerical,ftp_logprobs_agg,logprobs_posterior,3,3,1,0.1561021315602428,15.610213,0.1
meta-llama--Llama-3.2-1B-Instruct,exps_numerical,ftp_logprobs_agg,logprobs_posterior,3,3,2,0.26665566836553306,26.665567,0.1
meta-llama--Llama-3.2-1B-Instruct,exps_numerical,ftp_logprobs_agg,logprobs_posterior,3,3,3,0.10666462525810912,10.666463,0.1
meta-llama--Llama-3.2-1B-Instruct,exps_some,structured_output_agg,llm_bets,1,some,0,0.34,34.0,0.1
meta-llama--Llama-3.2-1B-Instruct,exps_some,structured_output_agg,llm_bets,1,some,1,0.27999999999999997,28.0,0.1
meta-llama--Llama-3.2-1B-Instruct,exps_some,structured_output_agg,llm_bets,1,some,2,0.2,20.0,0.1
meta-llama--Llama-3.2-1B-Instruct,exps_some,structured_output_agg,llm_bets,1,some,3,0.18000000000000002,18.0,0.1
meta-llama--Llama-3.2-1B-Instruct,exps_some,rsa_fit,rsa_predicted,1,some,0,0.09466473297313845,9.466473,0.1
meta-llama--Llama-3.2-1B-Instruct,exps_some,rsa_fit,rsa_predicted,1,some,1,0.4125461386817053,41.254614,0.1
meta-llama--Llama-3.2-1B-Instruct,exps_some,rsa_fit,rsa_predicted,1,some,2,0.2880404651728302,28.804047,0.1
meta-llama--Llama-3.2-1B-Instruct,exps_some,rsa_fit,rsa_predicted,1,some,3,0.20474866317232596,20.474866,0.1
meta-llama--Llama-3.2-1B-Instruct,exps_some,ftp_logprobs_agg,logprobs_posterior,1,some,0,0.45143669034579387,45.143669,0.1
meta-llama--Llama-3.2-1B-Instruct,exps_some,ftp_logprobs_agg,logprobs_posterior,1,some,1,0.17052185639209141,17.052186,0.1
meta-llama--Llama-3.2-1B-Instruct,exps_some,ftp_logprobs_agg,logprobs_posterior,1,some,2,0.279570495591306,27.95705,0.1
meta-llama--Llama-3.2-1B-Instruct,exps_some,ftp_logprobs_agg,logprobs_posterior,1,some,3,0.09847095767080878,9.847096,0.1
meta-llama--Llama-3.2-1B-Instruct,exps_some,structured_output_agg,llm_bets,2,some,0,0.3666666666666667,36.666667,0.1
meta-llama--Llama-3.2-1B-Instruct,exps_some,structured_output_agg,llm_bets,2,some,1,0.3,30.0,0.1
meta-llama--Llama-3.2-1B-Instruct,exps_some,structured_output_agg,llm_bets,2,some,2,0.19999999999999998,20.0,0.1
meta-llama--Llama-3.2-1B-Instruct,exps_some,structured_output_agg,llm_bets,2,some,3,0.13333333333333333,13.333333,0.1
meta-llama--Llama-3.2-1B-Instruct,exps_some,rsa_fit,rsa_predicted,2,some,0,0.0693676118800142,6.936761,0.1
meta-llama--Llama-3.2-1B-Instruct,exps_some,rsa_fit,rsa_predicted,2,some,1,0.4645944531261968,46.459445,0.1
meta-llama--Llama-3.2-1B-Instruct,exps_some,rsa_fit,rsa_predicted,2,some,2,0.3160039640120105,31.600396,0.1
meta-llama--Llama-3.2-1B-Instruct,exps_some,rsa_fit,rsa_predicted,2,some,3,0.1500339709817785,15.003397,0.1
meta-llama--Llama-3.2-1B-Instruct,exps_some,ftp_logprobs_agg,logprobs_posterior,2,some,0,0.4547699840589505,45.476998,0.1
meta-llama--Llama-3.2-1B-Instruct,exps_some,ftp_logprobs_agg,logprobs_posterior,2,some,1,0.1877688892095908,18.776889,0.1
meta-llama--Llama-3.2-1B-Instruct,exps_some,ftp_logprobs_agg,logprobs_posterior,2,some,2,0.25391851256835674,25.391851,0.1
meta-llama--Llama-3.2-1B-Instruct,exps_some,ftp_logprobs_agg,logprobs_posterior,2,some,3,0.10354261416310195,10.354261,0.1
meta-llama--Llama-3.2-1B-Instruct,exps_some,structured_output_agg,llm_bets,3,some,0,0.3666666666666667,36.666667,0.1
meta-llama--Llama-3.2-1B-Instruct,exps_some,structured_output_agg,llm_bets,3,some,1,0.3,30.0,0.1
meta-llama--Llama-3.2-1B-Instruct,exps_some,structured_output_agg,llm_bets,3,some,2,0.19999999999999998,20.0,0.1
meta-llama--Llama-3.2-1B-Instruct,exps_some,structured_output_agg,llm_bets,3,some,3,0.13333333333333333,13.333333,0.1
meta-llama--Llama-3.2-1B-Instruct,exps_some,rsa_fit,rsa_predicted,3,some,0,0.04352737663754383,4.352738,0.1
meta-llama--Llama-3.2-1B-Instruct,exps_some,rsa_fit,rsa_predicted,3,some,1,0.5173968218890059,51.739682,0.1
meta-llama--Llama-3.2-1B-Instruct,exps_some,rsa_fit,rsa_predicted,3,some,2,0.3449312145926707,34.493121,0.1
meta-llama--Llama-3.2-1B-Instruct,exps_some,rsa_fit,rsa_predicted,3,some,3,0.09414458688077958,9.414459,0.1
meta-llama--Llama-3.2-1B-Instruct,exps_some,ftp_logprobs_agg,logprobs_posterior,3,some,0,0.46878427265906475,46.878427,0.1
meta-llama--Llama-3.2-1B-Instruct,exps_some,ftp_logprobs_agg,logprobs_posterior,3,some,1,0.16665585814983683,16.665586,0.1
meta-llama--Llama-3.2-1B-Instruct,exps_some,ftp_logprobs_agg,logprobs_posterior,3,some,2,0.2658566097769107,26.585661,0.1
meta-llama--Llama-3.2-1B-Instruct,exps_some,ftp_logprobs_agg,logprobs_posterior,3,some,3,0.09870325941418763,9.870326,0.1
meta-llama--Llama-3.2-3B-Instruct,exps_numerical,structured_output_agg,llm_bets,1,1,0,0.0,0.0,0.1
meta-llama--Llama-3.2-3B-Instruct,exps_numerical,structured_output_agg,llm_bets,1,1,1,0.35000000000000003,35.0,0.1
meta-llama--Llama-3.2-3B-Instruct,exps_numerical,structured_output_agg,llm_bets,1,1,2,0.32499999999999996,32.5,0.1
meta-llama--Llama-3.2-3B-Instruct,exps_numerical,structured_output_agg,llm_bets,1,1,3,0.32499999999999996,32.5,0.1
meta-llama--Llama-3.2-3B-Instruct,exps_numerical,rsa_fit,rsa_predicted,1,1,0,0.0,0.0,0.1
meta-llama--Llama-3.2-3B-Instruct,exps_numerical,rsa_fit,rsa_predicted,1,1,1,0.0,0.0,0.1
meta-llama--Llama-3.2-3B-Instruct,exps_numerical,rsa_fit,rsa_predicted,1,1,2,0.0,0.0,0.1
meta-llama--Llama-3.2-3B-Instruct,exps_numerical,rsa_fit,rsa_predicted,1,1,3,1.0,100.0,0.1
meta-llama--Llama-3.2-3B-Instruct,exps_numerical,ftp_logprobs_agg,logprobs_posterior,1,1,0,0.056084271504068216,5.608427,0.1
meta-llama--Llama-3.2-3B-Instruct,exps_numerical,ftp_logprobs_agg,logprobs_posterior,1,1,1,0.3481988927735224,34.819889,0.1
meta-llama--Llama-3.2-3B-Instruct,exps_numerical,ftp_logprobs_agg,logprobs_posterior,1,1,2,0.5667870866384598,56.678709,0.1
meta-llama--Llama-3.2-3B-Instruct,exps_numerical,ftp_logprobs_agg,logprobs_posterior,1,1,3,0.028929749083949585,2.892975,0.1
meta-llama--Llama-3.2-3B-Instruct,exps_numerical,structured_output_agg,llm_bets,2,1,0,0.0,0.0,0.1
meta-llama--Llama-3.2-3B-Instruct,exps_numerical,structured_output_agg,llm_bets,2,1,1,0.4166666666666667,41.666667,0.1
meta-llama--Llama-3.2-3B-Instruct,exps_numerical,structured_output_agg,llm_bets,2,1,2,0.25833333333333336,25.833333,0.1
meta-llama--Llama-3.2-3B-Instruct,exps_numerical,structured_output_agg,llm_bets,2,1,3,0.325,32.5,0.1
meta-llama--Llama-3.2-3B-Instruct,exps_numerical,rsa_fit,rsa_predicted,2,1,0,0.0,0.0,0.1
meta-llama--Llama-3.2-3B-Instruct,exps_numerical,rsa_fit,rsa_predicted,2,1,1,0.0,0.0,0.1
meta-llama--Llama-3.2-3B-Instruct,exps_numerical,rsa_fit,rsa_predicted,2,1,2,0.0,0.0,0.1
meta-llama--Llama-3.2-3B-Instruct,exps_numerical,rsa_fit,rsa_predicted,2,1,3,1.0,100.0,0.1
meta-llama--Llama-3.2-3B-Instruct,exps_numerical,ftp_logprobs_agg,logprobs_posterior,2,1,0,0.04450071144726824,4.450071,0.1
meta-llama--Llama-3.2-3B-Instruct,exps_numerical,ftp_logprobs_agg,logprobs_posterior,2,1,1,0.3913505159219886,39.135052,0.1
meta-llama--Llama-3.2-3B-Instruct,exps_numerical,ftp_logprobs_agg,logprobs_posterior,2,1,2,0.5370127957583218,53.70128,0.1
meta-llama--Llama-3.2-3B-Instruct,exps_numerical,ftp_logprobs_agg,logprobs_posterior,2,1,3,0.027135976872421166,2.713598,0.1
meta-llama--Llama-3.2-3B-Instruct,exps_numerical,structured_output_agg,llm_bets,2,2,0,0.0,0.0,0.1
meta-llama--Llama-3.2-3B-Instruct,exps_numerical,structured_output_agg,llm_bets,2,2,1,0.0,0.0,0.1
meta-llama--Llama-3.2-3B-Instruct,exps_numerical,structured_output_agg,llm_bets,2,2,2,0.26666666666666666,26.666667,0.1
meta-llama--Llama-3.2-3B-Instruct,exps_numerical,structured_output_agg,llm_bets,2,2,3,0.7333333333333334,73.333333,0.1
meta-llama--Llama-3.2-3B-Instruct,exps_numerical,rsa_fit,rsa_predicted,2,2,0,0.0,0.0,0.1
meta-llama--Llama-3.2-3B-Instruct,exps_numerical,rsa_fit,rsa_predicted,2,2,1,0.0,0.0,0.1
meta-llama--Llama-3.2-3B-Instruct,exps_numerical,rsa_fit,rsa_predicted,2,2,2,0.0,0.0,0.1
meta-llama--Llama-3.2-3B-Instruct,exps_numerical,rsa_fit,rsa_predicted,2,2,3,1.0,100.0,0.1
meta-llama--Llama-3.2-3B-Instruct,exps_numerical,ftp_logprobs_agg,logprobs_posterior,2,2,0,0.05370273245264073,5.370273,0.1
meta-llama--Llama-3.2-3B-Instruct,exps_numerical,ftp_logprobs_agg,logprobs_posterior,2,2,1,0.23441131337599197,23.441131,0.1
meta-llama--Llama-3.2-3B-Instruct,exps_numerical,ftp_logprobs_agg,logprobs_posterior,2,2,2,0.6270370024430043,62.7037,0.1
meta-llama--Llama-3.2-3B-Instruct,exps_numerical,ftp_logprobs_agg,logprobs_posterior,2,2,3,0.08484895172836299,8.484895,0.1
meta-llama--Llama-3.2-3B-Instruct,exps_numerical,structured_output_agg,llm_bets,3,1,0,0.0,0.0,0.1
meta-llama--Llama-3.2-3B-Instruct,exps_numerical,structured_output_agg,llm_bets,3,1,1,0.3666666666666667,36.666667,0.1
meta-llama--Llama-3.2-3B-Instruct,exps_numerical,structured_output_agg,llm_bets,3,1,2,0.15,15.0,0.1
meta-llama--Llama-3.2-3B-Instruct,exps_numerical,structured_output_agg,llm_bets,3,1,3,0.48333333333333334,48.333333,0.1
meta-llama--Llama-3.2-3B-Instruct,exps_numerical,rsa_fit,rsa_predicted,3,1,0,0.0,0.0,0.1
meta-llama--Llama-3.2-3B-Instruct,exps_numerical,rsa_fit,rsa_predicted,3,1,1,0.0,0.0,0.1
meta-llama--Llama-3.2-3B-Instruct,exps_numerical,rsa_fit,rsa_predicted,3,1,2,0.0,0.0,0.1
meta-llama--Llama-3.2-3B-Instruct,exps_numerical,rsa_fit,rsa_predicted,3,1,3,1.0,100.0,0.1
meta-llama--Llama-3.2-3B-Instruct,exps_numerical,ftp_logprobs_agg,logprobs_posterior,3,1,0,0.08598450157000455,8.59845,0.1
meta-llama--Llama-3.2-3B-Instruct,exps_numerical,ftp_logprobs_agg,logprobs_posterior,3,1,1,0.47842287393663513,47.842287,0.1
meta-llama--Llama-3.2-3B-Instruct,exps_numerical,ftp_logprobs_agg,logprobs_posterior,3,1,2,0.39997710170172507,39.99771,0.1
meta-llama--Llama-3.2-3B-Instruct,exps_numerical,ftp_logprobs_agg,logprobs_posterior,3,1,3,0.03561552279163518,3.561552,0.1
meta-llama--Llama-3.2-3B-Instruct,exps_numerical,structured_output_agg,llm_bets,3,2,0,0.0,0.0,0.1
meta-llama--Llama-3.2-3B-Instruct,exps_numerical,structured_output_agg,llm_bets,3,2,1,0.0,0.0,0.1
meta-llama--Llama-3.2-3B-Instruct,exps_numerical,structured_output_agg,llm_bets,3,2,2,0.3,30.0,0.1
meta-llama--Llama-3.2-3B-Instruct,exps_numerical,structured_output_agg,llm_bets,3,2,3,0.7000000000000001,70.0,0.1
meta-llama--Llama-3.2-3B-Instruct,exps_numerical,rsa_fit,rsa_predicted,3,2,0,0.0,0.0,0.1
meta-llama--Llama-3.2-3B-Instruct,exps_numerical,rsa_fit,rsa_predicted,3,2,1,0.0,0.0,0.1
meta-llama--Llama-3.2-3B-Instruct,exps_numerical,rsa_fit,rsa_predicted,3,2,2,0.0,0.0,0.1
meta-llama--Llama-3.2-3B-Instruct,exps_numerical,rsa_fit,rsa_predicted,3,2,3,1.0,100.0,0.1
meta-llama--Llama-3.2-3B-Instruct,exps_numerical,ftp_logprobs_agg,logprobs_posterior,3,2,0,0.0688329313805935,6.883293,0.1
meta-llama--Llama-3.2-3B-Instruct,exps_numerical,ftp_logprobs_agg,logprobs_posterior,3,2,1,0.22139050135655156,22.13905,0.1
meta-llama--Llama-3.2-3B-Instruct,exps_numerical,ftp_logprobs_agg,logprobs_posterior,3,2,2,0.6272338512886252,62.723385,0.1
meta-llama--Llama-3.2-3B-Instruct,exps_numerical,ftp_logprobs_agg,logprobs_posterior,3,2,3,0.08254271597422976,8.254272,0.1
meta-llama--Llama-3.2-3B-Instruct,exps_numerical,structured_output_agg,llm_bets,3,3,0,0.0,0.0,0.1
meta-llama--Llama-3.2-3B-Instruct,exps_numerical,structured_output_agg,llm_bets,3,3,1,0.0,0.0,0.1
meta-llama--Llama-3.2-3B-Instruct,exps_numerical,structured_output_agg,llm_bets,3,3,2,0.0,0.0,0.1
meta-llama--Llama-3.2-3B-Instruct,exps_numerical,structured_output_agg,llm_bets,3,3,3,1.0,100.0,0.1
meta-llama--Llama-3.2-3B-Instruct,exps_numerical,rsa_fit,rsa_predicted,3,3,0,0.0,0.0,0.1
meta-llama--Llama-3.2-3B-Instruct,exps_numerical,rsa_fit,rsa_predicted,3,3,1,0.0,0.0,0.1
meta-llama--Llama-3.2-3B-Instruct,exps_numerical,rsa_fit,rsa_predicted,3,3,2,0.0,0.0,0.1
meta-llama--Llama-3.2-3B-Instruct,exps_numerical,rsa_fit,rsa_predicted,3,3,3,1.0,100.0,0.1
meta-llama--Llama-3.2-3B-Instruct,exps_numerical,ftp_logprobs_agg,logprobs_posterior,3,3,0,0.13530851002364927,13.530851,0.1
meta-llama--Llama-3.2-3B-Instruct,exps_numerical,ftp_logprobs_agg,logprobs_posterior,3,3,1,0.22401799351038687,22.401799,0.1
meta-llama--Llama-3.2-3B-Instruct,exps_numerical,ftp_logprobs_agg,logprobs_posterior,3,3,2,0.4060306821691905,40.603068,0.1
meta-llama--Llama-3.2-3B-Instruct,exps_numerical,ftp_logprobs_agg,logprobs_posterior,3,3,3,0.23464281429677336,23.464281,0.1
meta-llama--Llama-3.2-3B-Instruct,exps_some,structured_output_agg,llm_bets,1,some,0,0.0,0.0,0.1
meta-llama--Llama-3.2-3B-Instruct,exps_some,structured_output_agg,llm_bets,1,some,1,0.21666666666666665,21.666667,0.1
meta-llama--Llama-3.2-3B-Instruct,exps_some,structured_output_agg,llm_bets,1,some,2,0.30833333333333335,30.833333,0.1
meta-llama--Llama-3.2-3B-Instruct,exps_some,structured_output_agg,llm_bets,1,some,3,0.4749999999999999,47.5,0.1
meta-llama--Llama-3.2-3B-Instruct,exps_some,rsa_fit,rsa_predicted,1,some,0,0.0,0.0,0.1
meta-llama--Llama-3.2-3B-Instruct,exps_some,rsa_fit,rsa_predicted,1,some,1,0.0,0.0,0.1
meta-llama--Llama-3.2-3B-Instruct,exps_some,rsa_fit,rsa_predicted,1,some,2,0.0,0.0,0.1
meta-llama--Llama-3.2-3B-Instruct,exps_some,rsa_fit,rsa_predicted,1,some,3,1.0,100.0,0.1
meta-llama--Llama-3.2-3B-Instruct,exps_some,ftp_logprobs_agg,logprobs_posterior,1,some,0,0.054054260608624394,5.405426,0.1
meta-llama--Llama-3.2-3B-Instruct,exps_some,ftp_logprobs_agg,logprobs_posterior,1,some,1,0.4310798202776713,43.107982,0.1
meta-llama--Llama-3.2-3B-Instruct,exps_some,ftp_logprobs_agg,logprobs_posterior,1,some,2,0.47997781463058903,47.997781,0.1
meta-llama--Llama-3.2-3B-Instruct,exps_some,ftp_logprobs_agg,logprobs_posterior,1,some,3,0.03488810448311539,3.48881,0.1
meta-llama--Llama-3.2-3B-Instruct,exps_some,structured_output_agg,llm_bets,2,some,0,0.0,0.0,0.1
meta-llama--Llama-3.2-3B-Instruct,exps_some,structured_output_agg,llm_bets,2,some,1,0.08333333333333333,8.333333,0.1
meta-llama--Llama-3.2-3B-Instruct,exps_some,structured_output_agg,llm_bets,2,some,2,0.075,7.5,0.1
meta-llama--Llama-3.2-3B-Instruct,exps_some,structured_output_agg,llm_bets,2,some,3,0.8416666666666667,84.166667,0.1
meta-llama--Llama-3.2-3B-Instruct,exps_some,rsa_fit,rsa_predicted,2,some,0,0.0,0.0,0.1
meta-llama--Llama-3.2-3B-Instruct,exps_some,rsa_fit,rsa_predicted,2,some,1,0.0,0.0,0.1
meta-llama--Llama-3.2-3B-Instruct,exps_some,rsa_fit,rsa_predicted,2,some,2,0.0,0.0,0.1
meta-llama--Llama-3.2-3B-Instruct,exps_some,rsa_fit,rsa_predicted,2,some,3,1.0,100.0,0.1
meta-llama--Llama-3.2-3B-Instruct,exps_some,ftp_logprobs_agg,logprobs_posterior,2,some,0,0.03764557899528428,3.764558,0.1
meta-llama--Llama-3.2-3B-Instruct,exps_some,ftp_logprobs_agg,logprobs_posterior,2,some,1,0.28627213613800245,28.627214,0.1
meta-llama--Llama-3.2-3B-Instruct,exps_some,ftp_logprobs_agg,logprobs_posterior,2,some,2,0.6473602689090009,64.736027,0.1
meta-llama--Llama-3.2-3B-Instruct,exps_some,ftp_logprobs_agg,logprobs_posterior,2,some,3,0.028722015957712316,2.872202,0.1
meta-llama--Llama-3.2-3B-Instruct,exps_some,structured_output_agg,llm_bets,3,some,0,0.0,0.0,0.1
meta-llama--Llama-3.2-3B-Instruct,exps_some,structured_output_agg,llm_bets,3,some,1,0.08333333333333333,8.333333,0.1
meta-llama--Llama-3.2-3B-Instruct,exps_some,structured_output_agg,llm_bets,3,some,2,0.041666666666666664,4.166667,0.1
meta-llama--Llama-3.2-3B-Instruct,exps_some,structured_output_agg,llm_bets,3,some,3,0.875,87.5,0.1
meta-llama--Llama-3.2-3B-Instruct,exps_some,rsa_fit,rsa_predicted,3,some,0,0.0,0.0,0.1
meta-llama--Llama-3.2-3B-Instruct,exps_some,rsa_fit,rsa_predicted,3,some,1,0.0,0.0,0.1
meta-llama--Llama-3.2-3B-Instruct,exps_some,rsa_fit,rsa_predicted,3,some,2,0.0,0.0,0.1
meta-llama--Llama-3.2-3B-Instruct,exps_some,rsa_fit,rsa_predicted,3,some,3,1.0,100.0,0.1
meta-llama--Llama-3.2-3B-Instruct,exps_some,ftp_logprobs_agg,logprobs_posterior,3,some,0,0.07003120756663274,7.003121,0.1
meta-llama--Llama-3.2-3B-Instruct,exps_some,ftp_logprobs_agg,logprobs_posterior,3,some,1,0.2671895093867494,26.718951,0.1
meta-llama--Llama-3.2-3B-Instruct,exps_some,ftp_logprobs_agg,logprobs_posterior,3,some,2,0.5087224007912902,50.87224,0.1
meta-llama--Llama-3.2-3B-Instruct,exps_some,ftp_logprobs_agg,logprobs_posterior,3,some,3,0.15405688225532768,15.405688,0.1
microsoft--Phi-4-mini-instruct,exps_numerical,structured_output_agg,llm_bets,1,1,0,0.016666666666666666,1.666667,0.1
microsoft--Phi-4-mini-instruct,exps_numerical,structured_output_agg,llm_bets,1,1,1,0.19999999999999998,20.0,0.1
microsoft--Phi-4-mini-instruct,exps_numerical,structured_output_agg,llm_bets,1,1,2,0.425,42.5,0.1
microsoft--Phi-4-mini-instruct,exps_numerical,structured_output_agg,llm_bets,1,1,3,0.35833333333333334,35.833333,0.1
microsoft--Phi-4-mini-instruct,exps_numerical,rsa_fit,rsa_predicted,1,1,0,0.01617204541569477,1.617205,0.1
microsoft--Phi-4-mini-instruct,exps_numerical,rsa_fit,rsa_predicted,1,1,1,0.38273835705074594,38.273836,0.1
microsoft--Phi-4-mini-instruct,exps_numerical,rsa_fit,rsa_predicted,1,1,2,0.43738624616681293,43.738625,0.1
microsoft--Phi-4-mini-instruct,exps_numerical,rsa_fit,rsa_predicted,1,1,3,0.16370335136674632,16.370335,0.1
microsoft--Phi-4-mini-instruct,exps_numerical,ftp_logprobs_agg,logprobs_posterior,1,1,0,0.033996800253304725,3.39968,0.1
microsoft--Phi-4-mini-instruct,exps_numerical,ftp_logprobs_agg,logprobs_posterior,1,1,1,0.48868545212316866,48.868545,0.1
microsoft--Phi-4-mini-instruct,exps_numerical,ftp_logprobs_agg,logprobs_posterior,1,1,2,0.23607882308017133,23.607882,0.1
microsoft--Phi-4-mini-instruct,exps_numerical,ftp_logprobs_agg,logprobs_posterior,1,1,3,0.24123892454335527,24.123892,0.1
microsoft--Phi-4-mini-instruct,exps_numerical,structured_output_agg,llm_bets,2,1,0,0.016666666666666666,1.666667,0.1
microsoft--Phi-4-mini-instruct,exps_numerical,structured_output_agg,llm_bets,2,1,1,0.19999999999999998,20.0,0.1
microsoft--Phi-4-mini-instruct,exps_numerical,structured_output_agg,llm_bets,2,1,2,0.5166666666666667,51.666667,0.1
microsoft--Phi-4-mini-instruct,exps_numerical,structured_output_agg,llm_bets,2,1,3,0.26666666666666666,26.666667,0.1
microsoft--Phi-4-mini-instruct,exps_numerical,rsa_fit,rsa_predicted,2,1,0,0.02450241627848906,2.450242,0.1
microsoft--Phi-4-mini-instruct,exps_numerical,rsa_fit,rsa_predicted,2,1,1,0.5847246756356607,58.472468,0.1
microsoft--Phi-4-mini-instruct,exps_numerical,rsa_fit,rsa_predicted,2,1,2,0.37512336968464083,37.512337,0.1
microsoft--Phi-4-mini-instruct,exps_numerical,rsa_fit,rsa_predicted,2,1,3,0.01564953840120945,1.564954,0.1
microsoft--Phi-4-mini-instruct,exps_numerical,ftp_logprobs_agg,logprobs_posterior,2,1,0,0.021796529639027642,2.179653,0.1
microsoft--Phi-4-mini-instruct,exps_numerical,ftp_logprobs_agg,logprobs_posterior,2,1,1,0.37326945254676486,37.326945,0.1
microsoft--Phi-4-mini-instruct,exps_numerical,ftp_logprobs_agg,logprobs_posterior,2,1,2,0.37689729207219475,37.689729,0.1
microsoft--Phi-4-mini-instruct,exps_numerical,ftp_logprobs_agg,logprobs_posterior,2,1,3,0.22803672574201275,22.803673,0.1
microsoft--Phi-4-mini-instruct,exps_numerical,structured_output_agg,llm_bets,2,2,0,0.0,0.0,0.1
microsoft--Phi-4-mini-instruct,exps_numerical,structured_output_agg,llm_bets,2,2,1,0.041666666666666664,4.166667,0.1
microsoft--Phi-4-mini-instruct,exps_numerical,structured_output_agg,llm_bets,2,2,2,0.6666666666666666,66.666667,0.1
microsoft--Phi-4-mini-instruct,exps_numerical,structured_output_agg,llm_bets,2,2,3,0.2916666666666667,29.166667,0.1
microsoft--Phi-4-mini-instruct,exps_numerical,rsa_fit,rsa_predicted,2,2,0,0.037071308096925736,3.707131,0.1
microsoft--Phi-4-mini-instruct,exps_numerical,rsa_fit,rsa_predicted,2,2,1,0.0581285573163892,5.812856,0.1
microsoft--Phi-4-mini-instruct,exps_numerical,rsa_fit,rsa_predicted,2,2,2,0.5295416426011046,52.954164,0.1
microsoft--Phi-4-mini-instruct,exps_numerical,rsa_fit,rsa_predicted,2,2,3,0.3752584919855806,37.525849,0.1
microsoft--Phi-4-mini-instruct,exps_numerical,ftp_logprobs_agg,logprobs_posterior,2,2,0,0.0098883318975905,0.988833,0.1
microsoft--Phi-4-mini-instruct,exps_numerical,ftp_logprobs_agg,logprobs_posterior,2,2,1,0.006386728641484628,0.638673,0.1
microsoft--Phi-4-mini-instruct,exps_numerical,ftp_logprobs_agg,logprobs_posterior,2,2,2,0.6405433698401115,64.054337,0.1
microsoft--Phi-4-mini-instruct,exps_numerical,ftp_logprobs_agg,logprobs_posterior,2,2,3,0.3431815696208134,34.318157,0.1
microsoft--Phi-4-mini-instruct,exps_numerical,structured_output_agg,llm_bets,3,1,0,0.016666666666666666,1.666667,0.1
microsoft--Phi-4-mini-instruct,exps_numerical,structured_output_agg,llm_bets,3,1,1,0.19999999999999998,20.0,0.1
microsoft--Phi-4-mini-instruct,exps_numerical,structured_output_agg,llm_bets,3,1,2,0.25833333333333336,25.833333,0.1
microsoft--Phi-4-mini-instruct,exps_numerical,structured_output_agg,llm_bets,3,1,3,0.525,52.5,0.1
microsoft--Phi-4-mini-instruct,exps_numerical,rsa_fit,rsa_predicted,3,1,0,0.03659291979608094,3.659292,0.1
microsoft--Phi-4-mini-instruct,exps_numerical,rsa_fit,rsa_predicted,3,1,1,0.8773009401879873,87.730094,0.1
microsoft--Phi-4-mini-instruct,exps_numerical,rsa_fit,rsa_predicted,3,1,2,0.0627344734401788,6.273447,0.1
microsoft--Phi-4-mini-instruct,exps_numerical,rsa_fit,rsa_predicted,3,1,3,0.02337166657575289,2.337167,0.1
microsoft--Phi-4-mini-instruct,exps_numerical,ftp_logprobs_agg,logprobs_posterior,3,1,0,0.012935156422914365,1.293516,0.1
microsoft--Phi-4-mini-instruct,exps_numerical,ftp_logprobs_agg,logprobs_posterior,3,1,1,0.6774630880533344,67.746309,0.1
microsoft--Phi-4-mini-instruct,exps_numerical,ftp_logprobs_agg,logprobs_posterior,3,1,2,0.061453199039395674,6.14532,0.1
microsoft--Phi-4-mini-instruct,exps_numerical,ftp_logprobs_agg,logprobs_posterior,3,1,3,0.24814855648435538,24.814856,0.1
microsoft--Phi-4-mini-instruct,exps_numerical,structured_output_agg,llm_bets,3,2,0,0.0,0.0,0.1
microsoft--Phi-4-mini-instruct,exps_numerical,structured_output_agg,llm_bets,3,2,1,0.041666666666666664,4.166667,0.1
microsoft--Phi-4-mini-instruct,exps_numerical,structured_output_agg,llm_bets,3,2,2,0.8333333333333334,83.333333,0.1
microsoft--Phi-4-mini-instruct,exps_numerical,structured_output_agg,llm_bets,3,2,3,0.125,12.5,0.1
microsoft--Phi-4-mini-instruct,exps_numerical,rsa_fit,rsa_predicted,3,2,0,0.0329786886049992,3.297869,0.1
microsoft--Phi-4-mini-instruct,exps_numerical,rsa_fit,rsa_predicted,3,2,1,0.049886715692338414,4.988672,0.1
microsoft--Phi-4-mini-instruct,exps_numerical,rsa_fit,rsa_predicted,3,2,2,0.896071315743675,89.607132,0.1
microsoft--Phi-4-mini-instruct,exps_numerical,rsa_fit,rsa_predicted,3,2,3,0.021063279958987335,2.106328,0.1
microsoft--Phi-4-mini-instruct,exps_numerical,ftp_logprobs_agg,logprobs_posterior,3,2,0,0.004231099662111936,0.42311,0.1
microsoft--Phi-4-mini-instruct,exps_numerical,ftp_logprobs_agg,logprobs_posterior,3,2,1,0.003978573004850986,0.397857,0.1
microsoft--Phi-4-mini-instruct,exps_numerical,ftp_logprobs_agg,logprobs_posterior,3,2,2,0.6319747396208379,63.197474,0.1
microsoft--Phi-4-mini-instruct,exps_numerical,ftp_logprobs_agg,logprobs_posterior,3,2,3,0.3598155877121993,35.981559,0.1
microsoft--Phi-4-mini-instruct,exps_numerical,structured_output_agg,llm_bets,3,3,0,0.0,0.0,0.1
microsoft--Phi-4-mini-instruct,exps_numerical,structured_output_agg,llm_bets,3,3,1,0.041666666666666664,4.166667,0.1
microsoft--Phi-4-mini-instruct,exps_numerical,structured_output_agg,llm_bets,3,3,2,0.4166666666666667,41.666667,0.1
microsoft--Phi-4-mini-instruct,exps_numerical,structured_output_agg,llm_bets,3,3,3,0.5416666666666666,54.166667,0.1
microsoft--Phi-4-mini-instruct,exps_numerical,rsa_fit,rsa_predicted,3,3,0,0.06968788506424758,6.968789,0.1
microsoft--Phi-4-mini-instruct,exps_numerical,rsa_fit,rsa_predicted,3,3,1,0.10541655403706614,10.541655,0.1
microsoft--Phi-4-mini-instruct,exps_numerical,rsa_fit,rsa_predicted,3,3,2,0.11947209457534162,11.947209,0.1
microsoft--Phi-4-mini-instruct,exps_numerical,rsa_fit,rsa_predicted,3,3,3,0.7054234663233446,70.542347,0.1
microsoft--Phi-4-mini-instruct,exps_numerical,ftp_logprobs_agg,logprobs_posterior,3,3,0,0.014675292948321768,1.467529,0.1
microsoft--Phi-4-mini-instruct,exps_numerical,ftp_logprobs_agg,logprobs_posterior,3,3,1,0.008554906411577953,0.855491,0.1
microsoft--Phi-4-mini-instruct,exps_numerical,ftp_logprobs_agg,logprobs_posterior,3,3,2,0.027577720923069645,2.757772,0.1
microsoft--Phi-4-mini-instruct,exps_numerical,ftp_logprobs_agg,logprobs_posterior,3,3,3,0.9491920797170307,94.919208,0.1
microsoft--Phi-4-mini-instruct,exps_some,structured_output_agg,llm_bets,1,some,0,0.041666666666666664,4.166667,0.1
microsoft--Phi-4-mini-instruct,exps_some,structured_output_agg,llm_bets,1,some,1,0.5,50.0,0.1
microsoft--Phi-4-mini-instruct,exps_some,structured_output_agg,llm_bets,1,some,2,0.325,32.5,0.1
microsoft--Phi-4-mini-instruct,exps_some,structured_output_agg,llm_bets,1,some,3,0.13333333333333333,13.333333,0.1
microsoft--Phi-4-mini-instruct,exps_some,rsa_fit,rsa_predicted,1,some,0,0.006769096207466864,0.67691,0.1
microsoft--Phi-4-mini-instruct,exps_some,rsa_fit,rsa_predicted,1,some,1,0.3539942804526159,35.399428,0.1
microsoft--Phi-4-mini-instruct,exps_some,rsa_fit,rsa_predicted,1,some,2,0.4284097153244429,42.840972,0.1
microsoft--Phi-4-mini-instruct,exps_some,rsa_fit,rsa_predicted,1,some,3,0.2108269080154744,21.082691,0.1
microsoft--Phi-4-mini-instruct,exps_some,ftp_logprobs_agg,logprobs_posterior,1,some,0,0.08545928407808473,8.545928,0.1
microsoft--Phi-4-mini-instruct,exps_some,ftp_logprobs_agg,logprobs_posterior,1,some,1,0.40852266339936344,40.852266,0.1
microsoft--Phi-4-mini-instruct,exps_some,ftp_logprobs_agg,logprobs_posterior,1,some,2,0.20502135264172408,20.502135,0.1
microsoft--Phi-4-mini-instruct,exps_some,ftp_logprobs_agg,logprobs_posterior,1,some,3,0.30099669988082783,30.09967,0.1
microsoft--Phi-4-mini-instruct,exps_some,structured_output_agg,llm_bets,2,some,0,0.041666666666666664,4.166667,0.1
microsoft--Phi-4-mini-instruct,exps_some,structured_output_agg,llm_bets,2,some,1,0.4083333333333334,40.833333,0.1
microsoft--Phi-4-mini-instruct,exps_some,structured_output_agg,llm_bets,2,some,2,0.39999999999999997,40.0,0.1
microsoft--Phi-4-mini-instruct,exps_some,structured_output_agg,llm_bets,2,some,3,0.15000000000000002,15.0,0.1
microsoft--Phi-4-mini-instruct,exps_some,rsa_fit,rsa_predicted,2,some,0,0.004826748788240519,0.482675,0.1
microsoft--Phi-4-mini-instruct,exps_some,rsa_fit,rsa_predicted,2,some,1,0.3879298686301574,38.792987,0.1
microsoft--Phi-4-mini-instruct,exps_some,rsa_fit,rsa_predicted,2,some,2,0.44856011133054363,44.856011,0.1
microsoft--Phi-4-mini-instruct,exps_some,rsa_fit,rsa_predicted,2,some,3,0.15868327125105838,15.868327,0.1
microsoft--Phi-4-mini-instruct,exps_some,ftp_logprobs_agg,logprobs_posterior,2,some,0,0.06668981123841385,6.668981,0.1
microsoft--Phi-4-mini-instruct,exps_some,ftp_logprobs_agg,logprobs_posterior,2,some,1,0.05994703060419588,5.994703,0.1
microsoft--Phi-4-mini-instruct,exps_some,ftp_logprobs_agg,logprobs_posterior,2,some,2,0.5700791373169943,57.007914,0.1
microsoft--Phi-4-mini-instruct,exps_some,ftp_logprobs_agg,logprobs_posterior,2,some,3,0.3032840208403959,30.328402,0.1
microsoft--Phi-4-mini-instruct,exps_some,structured_output_agg,llm_bets,3,some,0,0.041666666666666664,4.166667,0.1
microsoft--Phi-4-mini-instruct,exps_some,structured_output_agg,llm_bets,3,some,1,0.47500000000000003,47.5,0.1
microsoft--Phi-4-mini-instruct,exps_some,structured_output_agg,llm_bets,3,some,2,0.35833333333333334,35.833333,0.1
microsoft--Phi-4-mini-instruct,exps_some,structured_output_agg,llm_bets,3,some,3,0.125,12.5,0.1
microsoft--Phi-4-mini-instruct,exps_some,rsa_fit,rsa_predicted,3,some,0,0.0029570462249240703,0.295705,0.1
microsoft--Phi-4-mini-instruct,exps_some,rsa_fit,rsa_predicted,3,some,1,0.4217942188507495,42.179422,0.1
microsoft--Phi-4-mini-instruct,exps_some,rsa_fit,rsa_predicted,3,some,2,0.4780334480308494,47.803345,0.1
microsoft--Phi-4-mini-instruct,exps_some,rsa_fit,rsa_predicted,3,some,3,0.09721528689347697,9.721529,0.1
microsoft--Phi-4-mini-instruct,exps_some,ftp_logprobs_agg,logprobs_posterior,3,some,0,0.058701560179041885,5.870156,0.1
microsoft--Phi-4-mini-instruct,exps_some,ftp_logprobs_agg,logprobs_posterior,3,some,1,0.11266298256545121,11.266298,0.1
microsoft--Phi-4-mini-instruct,exps_some,ftp_logprobs_agg,logprobs_posterior,3,some,2,0.26702535688793,26.702536,0.1
microsoft--Phi-4-mini-instruct,exps_some,ftp_logprobs_agg,logprobs_posterior,3,some,3,0.5616101003675769,56.16101,0.1
